MARQUE,MODELE
ABARTH,500
ABARTH,595
ABARTH,695
ABARTH,124 SPIDER
ABARTH,500C
ABARTH,595 MY16
ABARTH,595C
ABARTH,595C MY16
ABARTH,695 BIPOSTO
ABARTH,695C
ABARTH,GRANDE PUNTO
ABARTH,PUNTO EVO
ALFA ROMEO,145
ALFA ROMEO,146
ALFA ROMEO,147
ALFA ROMEO,156
ALFA ROMEO,159
ALFA ROMEO,166
ALFA ROMEO,147 VPC
ALFA ROMEO,156 SPORTWAGON
ALFA ROMEO,159 SPORTWAGON
ALFA ROMEO,159 SW VPC
ALFA ROMEO,4C
ALFA ROMEO,4C SPIDER
ALFA ROMEO,8C SPIDER
ALFA ROMEO,BRERA
ALFA ROMEO,CROSSWAGON Q4
ALFA ROMEO,GIULIA
ALFA ROMEO,GIULIA MY19
ALFA ROMEO,GIULIETTA
ALFA ROMEO,GIULIETTA BUSINESS
ALFA ROMEO,GIULIETTA BUSINESS SERIE 2
ALFA ROMEO,GIULIETTA SERIE 2
ALFA ROMEO,GIULIETTA SERIE 2 MY19
ALFA ROMEO,GIULIETTA SERIE 3 MY19
ALFA ROMEO,GIULIETTA VPC
ALFA ROMEO,GIULIETTA VPC BUSINESS
ALFA ROMEO,GT
ALFA ROMEO,GT VPC
ALFA ROMEO,GTV
ALFA ROMEO,MITO
ALFA ROMEO,MITO BUSINESS
ALFA ROMEO,MITO II VPC
ALFA ROMEO,MITO SERIE 3
ALFA ROMEO,MITO SERIE 3 MY18
ALFA ROMEO,MITO VPC
ALFA ROMEO,SPIDER
ALFA ROMEO,SPORTWAGON Q4
ALFA ROMEO,STELVIO
ALFA ROMEO,STELVIO MY19
ALPINA,B4-D4
ALPINA,B5 F10
ALPINA,XD3 BITURBO
ALPINE,A110
ARO,10
ARO,244 FORESTER
ARO,ARO 10
ARO,ARO 10 PANCHO
ARO,CARPAT
ARO,SPARTANA
ARTEGA,ARTEGA
ASTON MARTIN,CYGNET
ASTON MARTIN,DB11
ASTON MARTIN,DB7
ASTON MARTIN,DB7 VANTAGE VOLANTE
ASTON MARTIN,DB9
ASTON MARTIN,DBS
ASTON MARTIN,RAPIDE
ASTON MARTIN,V8
ASTON MARTIN,VANQUISH
ASTON MARTIN,VANQUISH CABRIOLET
ASTON MARTIN,VANQUISH S
ASTON MARTIN,VANQUISH S CABRIOLET
ASTON MARTIN,VANTAGE
ASTON MARTIN,VIRAGE
AUDI,A1
AUDI,A1 BUSINESS
AUDI,A1 CITYCARVER
AUDI,A1 QUATTRO
AUDI,A1 SPORTBACK
AUDI,A1 SPORTBACK BUSINESS
AUDI,A2
AUDI,A3
AUDI,A3 BERLINE
AUDI,A3 BERLINE BUSINESS
AUDI,A3 BUSINESS
AUDI,A3 CABRIOLET
AUDI,A3 EVOLUTION
AUDI,A3 SPORTBACK
AUDI,A3 SPORTBACK BUSINESS
AUDI,A4
AUDI,A4 ALLROAD
AUDI,A4 ALLROAD QUATTRO
AUDI,A4 ALLROAD QUATTRO BUSINESS
AUDI,A4 ALLROAD QUATTRO N1
AUDI,A4 AVANT
AUDI,A4 AVANT BUSINESS
AUDI,A4 AVANT N1
AUDI,A4 BUSINESS
AUDI,A4 CABRIOLET
AUDI,A5
AUDI,A5 CABRIOLET
AUDI,A5 SPORTBACK
AUDI,A5 SPORTBACK BUSINESS
AUDI,A6
AUDI,A6 ALLROAD
AUDI,A6 ALLROAD QUATTRO
AUDI,A6 ALLROAD QUATTRO N1
AUDI,A6 AVANT
AUDI,A6 AVANT BUSINESS
AUDI,A6 AVANT EVOLUTION
AUDI,A6 AVANT N1
AUDI,A6 BUSINESS
AUDI,A6 EVOLUTION
AUDI,A7 SPORTBACK
AUDI,A8
AUDI,ALLROAD QUATTRO
AUDI,E-TRON
AUDI,Q2
AUDI,Q2 BUSINESS
AUDI,Q3
AUDI,Q3 BUSINESS
AUDI,Q3 SPORTBACK
AUDI,Q3 SPORTBACK BUSINESS
AUDI,Q5
AUDI,Q5 BUSINESS
AUDI,Q7
AUDI,Q7 N1
AUDI,Q8
AUDI,R8
AUDI,R8 GT
AUDI,R8 GT SPYDER
AUDI,R8 SPYDER
AUDI,RS Q3
AUDI,RS Q3 SPORTBACK
AUDI,RS3 BERLINE
AUDI,RS3 SPORTBACK
AUDI,RS4
AUDI,RS4 AVANT
AUDI,RS4 CABRIOLET
AUDI,RS5
AUDI,RS5 CABRIOLET
AUDI,RS5 SPORTBACK
AUDI,RS6
AUDI,RS6 AVANT
AUDI,RS7 SPORTBACK
AUDI,S1
AUDI,S1 SPORTBACK
AUDI,S3
AUDI,S3 BERLINE
AUDI,S3 CABRIOLET
AUDI,S3 EVOLUTION
AUDI,S3 QUATTRO
AUDI,S3 SPORTBACK
AUDI,S4
AUDI,S4 AVANT
AUDI,S4 CABRIOLET
AUDI,S5
AUDI,S5 CABRIOLET
AUDI,S5 SPORTBACK
AUDI,S6
AUDI,S6 AVANT
AUDI,S6 AVANT EVOLUTION
AUDI,S6 EVOLUTION
AUDI,S7 SPORTBACK
AUDI,S8
AUDI,SQ2
AUDI,SQ5
AUDI,SQ7
AUDI,SQ8
AUDI,TT COUPE
AUDI,TT ROADSTER
AUDI,TT RS COUPE
AUDI,TT RS PLUS COUPE
AUDI,TT RS PLUS ROADSTER
AUDI,TT RS ROADSTER
AUDI,TTS COUPE
AUDI,TTS ROADSTER
AUVERLAND,A3
AUVERLAND,A3 MONTEZ
AUVERLAND,A3 SERIE SPECIALE
AUVERLAND,A3 SL
AUVERLAND,A4
AUVERLAND,A4 SERIE SPECIALE
BENTLEY,ARNAGE
BENTLEY,AZURE
BENTLEY,BENTAYGA
BENTLEY,CONTINENTAL
BENTLEY,CONTINENTAL FLYING SPUR
BENTLEY,CONTINENTAL GT
BENTLEY,CONTINENTAL GT3-R
BENTLEY,CONTINENTAL GTC
BENTLEY,FLYING SPUR
BENTLEY,MULSANNE
BLUECAR GROUPE BOLLORE,BLUECAR
BLUECAR GROUPE BOLLORE,BLUESUMMER
BLUECAR GROUPE BOLLORE,BLUEUTILITY
BMW,M2 COMPETITION F87
BMW,M2 COUPE F87
BMW,M2 COUPE F87 LCI
BMW,M3 CAB E36
BMW,M3 CAB E46
BMW,M3 CABRIOLET E93
BMW,M3 CABRIOLET E93 LCI
BMW,M3 COUPE E36
BMW,M3 COUPE E46
BMW,M3 COUPE E92
BMW,M3 COUPE E92 LCI
BMW,M3 E90
BMW,M3 E90 LCI
BMW,M3 F80
BMW,M3 F80 LCI
BMW,M4 CABRIOLET F83
BMW,M4 CABRIOLET F83 LCI
BMW,M4 CABRIOLET F83 LCI2
BMW,M4 COUPE
BMW,M4 COUPE F82
BMW,M4 COUPE F82 LCI2
BMW,M5
BMW,M5 E60 LCI
BMW,M5 F10 M
BMW,M5 F10 M LCI
BMW,M5 F90
BMW,M5 TOURING E61 LCI
BMW,M6
BMW,M6 CABRIOLET F12 M
BMW,M6 CABRIOLET F12 M LCI
BMW,M6 COUPE F13 M
BMW,M6 COUPE F13 M LCI
BMW,M6 GRAN COUPE F06 M
BMW,M6 GRAN COUPE F06 M LCI
BMW,M8 COMPETITION CABRIOLET F91
BMW,M8 COMPETITION COUPE F92
BMW,M8 COMPETITION GRAN COUPE F93
BMW,SERIE 1 3 PORTES F21 ENTREPRISE
BMW,SERIE 1 5 PORTES F20 ENTREPRISE
BMW,SERIE 1 CABRIOLET E88
BMW,SERIE 1 CABRIOLET E88 LCI
BMW,SERIE 1 COUPE E82
BMW,SERIE 1 COUPE E82 LCI
BMW,SERIE 1 E81
BMW,SERIE 1 E87
BMW,SERIE 1 E87 LCI
BMW,SERIE 1 ENTREPRISE E81
BMW,SERIE 1 F20
BMW,SERIE 1 F20 LCI
BMW,SERIE 1 F20 LCI2
BMW,SERIE 1 F21
BMW,SERIE 1 F21 LCI
BMW,SERIE 1 F21 LCI2
BMW,SERIE 1 F40
BMW,SERIE 1 M COUPE E82
BMW,SERIE 2 ACTIVE TOURER F45
BMW,SERIE 2 ACTIVE TOURER F45 LCI
BMW,SERIE 2 CABRIOLET F23
BMW,SERIE 2 CABRIOLET F23 LCI2
BMW,SERIE 2 COUPE F22
BMW,SERIE 2 COUPE F22 LCI
BMW,SERIE 2 COUPE F22 LCI2
BMW,SERIE 2 GRAN COUPE F44
BMW,SERIE 2 GRAN TOURER F46
BMW,SERIE 2 GRAN TOURER F46 LCI
BMW,SERIE 3 CAB E36
BMW,SERIE 3 CAB E46
BMW,SERIE 3 CAB E93
BMW,SERIE 3 CAB E93 LCI
BMW,SERIE 3 COMPACT E36
BMW,SERIE 3 COMPACT E46
BMW,SERIE 3 COUPE E36
BMW,SERIE 3 COUPE E46
BMW,SERIE 3 COUPE E92
BMW,SERIE 3 COUPE E92 LCI
BMW,SERIE 3 E46
BMW,SERIE 3 E46/4
BMW,SERIE 3 E90
BMW,SERIE 3 E90 LCI
BMW,SERIE 3 F30
BMW,SERIE 3 F30 LCI
BMW,SERIE 3 F30 LCI2
BMW,SERIE 3 G20
BMW,SERIE 3 GRAN TURISMO F34
BMW,SERIE 3 GRAN TURISMO F34 LCI
BMW,SERIE 3 TOURING E36
BMW,SERIE 3 TOURING E46
BMW,SERIE 3 TOURING E46/3
BMW,SERIE 3 TOURING E91
BMW,SERIE 3 TOURING E91 LCI
BMW,SERIE 3 TOURING F31
BMW,SERIE 3 TOURING F31 LCI
BMW,SERIE 3 TOURING F31 LCI2
BMW,SERIE 3 TOURING G21
BMW,SERIE 4 CABRIOLET F33
BMW,SERIE 4 CABRIOLET F33 LCI
BMW,SERIE 4 CABRIOLET F33 LCI2
BMW,SERIE 4 COUPE F32
BMW,SERIE 4 COUPE F32 LCI
BMW,SERIE 4 COUPE F32 LCI2
BMW,SERIE 4 GRAN COUPE F36
BMW,SERIE 4 GRAN COUPE F36 LCI
BMW,SERIE 4 GRAN COUPE F36 LCI2
BMW,SERIE 5
BMW,SERIE 5 E60
BMW,SERIE 5 E60 LCI
BMW,SERIE 5 F10
BMW,SERIE 5 F10 LCI
BMW,SERIE 5 G30
BMW,SERIE 5 GRAN TURISMO
BMW,SERIE 5 GRAN TURISMO F07 LCI
BMW,SERIE 5 TOURING
BMW,SERIE 5 TOURING E61
BMW,SERIE 5 TOURING E61 LCI
BMW,SERIE 5 TOURING F11
BMW,SERIE 5 TOURING F11 LCI
BMW,SERIE 5 TOURING F11 N1
BMW,SERIE 5 TOURING G31
BMW,SERIE 6 CAB E64
BMW,SERIE 6 CAB F12
BMW,SERIE 6 CABRIOLET F12 LCI
BMW,SERIE 6 COUPE F13
BMW,SERIE 6 COUPE F13 LCI
BMW,SERIE 6 E63
BMW,SERIE 6 GRAN COUPE F06
BMW,SERIE 6 GRAN COUPE F06 LCI
BMW,SERIE 6 GRAN TURISMO G32
BMW,SERIE 7
BMW,SERIE 7 E65
BMW,SERIE 7 E65/66
BMW,SERIE 7 E65/66 LCI
BMW,SERIE 7 F01 LCI/F02 LCI
BMW,SERIE 7 F01/F02/F04
BMW,SERIE 7 G11/G12
BMW,SERIE 7 G11/G12 LCI
BMW,SERIE 8 CABRIOLET G14
BMW,SERIE 8 COUPE G15
BMW,SERIE 8 E31
BMW,SERIE 8 GRAN COUPE G16
BMW,X1 E84
BMW,X1 E84 LCI
BMW,X1 E84 LCI 2
BMW,X1 F48
BMW,X1 F48 LCI
BMW,X2 F39
BMW,X3
BMW,X3 E83 LCI
BMW,X3 F25
BMW,X3 F25 LCI
BMW,X3 G01
BMW,X3 M F97
BMW,X4 F26
BMW,X4 G02
BMW,X4 M F98
BMW,X5
BMW,X5 E70
BMW,X5 E70 LCI
BMW,X5 F15
BMW,X5 G05
BMW,X5 M COMPETITION F95
BMW,X5 M E70M
BMW,X5 M E70M LCI
BMW,X5 M F85
BMW,X5 N1
BMW,X6 E71 LCI
BMW,X6 E71/E72
BMW,X6 F16
BMW,X6 G06
BMW,X6 M COMPETITION F96
BMW,X6 M E71M
BMW,X6 M E71M LCI
BMW,X6 M F86
BMW,X6 N1
BMW,X7 G07
BMW,Z3
BMW,Z3 COUPE
BMW,Z4
BMW,Z4 COUPE E86
BMW,Z4 G29
BMW,Z4 ROADSTER E85
BMW,Z4 ROADSTER E85 LCI
BMW,Z4 ROADSTER E89
BMW,Z4 ROADSTER E89 LCI
BMW,Z8
BMW i,i3 I01
BMW i,i3 l01 LCI
BMW i,i8 COUPE I12 LCI
BMW i,i8 I12
BMW i,i8 ROADSTER I15
CADILLAC,ATS
CADILLAC,ATS COUPE
CADILLAC,BLS
CADILLAC,BLS SW
CADILLAC,CTS
CADILLAC,CTS COUPE
CADILLAC,CTS WAGON
CADILLAC,ESCALADE
CADILLAC,ESCALADE ESV
CADILLAC,SEVILLE
CADILLAC,SRX
CADILLAC,STS
CADILLAC,STS-V
CADILLAC,XLR
CADILLAC,XLR-V
CHEVROLET,ALERO
CHEVROLET,AVEO
CHEVROLET,AVEO BUSINESS
CHEVROLET,BLAZER
CHEVROLET,CAMARO CABRIOLET
CHEVROLET,CAMARO COUPE
CHEVROLET,CAPTIVA
CHEVROLET,CORVETTE
CHEVROLET,CORVETTE CABRIOLET
CHEVROLET,CORVETTE COUPE
CHEVROLET,CRUZE
CHEVROLET,CRUZE SW
CHEVROLET,EPICA
CHEVROLET,EVANDA
CHEVROLET,KALOS
CHEVROLET,LACETTI
CHEVROLET,MALIBU
CHEVROLET,MATIZ
CHEVROLET,NUBIRA
CHEVROLET,NUBIRA SW
CHEVROLET,ORLANDO
CHEVROLET,REZZO
CHEVROLET,SPARK
CHEVROLET,TAHOE
CHEVROLET,TRANS SPORT
CHEVROLET,TRAX
CHEVROLET,VOLT
CHRYSLER,300 M
CHRYSLER,300C
CHRYSLER,300C TOURING
CHRYSLER,CHEROKEE SOCIETE
CHRYSLER,CROSSFIRE
CHRYSLER,CROSSFIRE ROADSTER
CHRYSLER,GRAND CHEROKEE SOCIETE
CHRYSLER,GRAND VOYAGER
CHRYSLER,GRAND VOYAGER SOCIETE
CHRYSLER,JEEP CHEROKEE
CHRYSLER,NEON
CHRYSLER,PT CRUISER
CHRYSLER,PT CRUISER CAB
CHRYSLER,PT CRUISER SOCIETE
CHRYSLER,SEBRING
CHRYSLER,SEBRING CABRIOLET
CHRYSLER,STRATUS
CHRYSLER,STRATUS CABRIOLET
CHRYSLER,VIPER
CHRYSLER,VOYAGER
CHRYSLER,VOYAGER SOCIETE
CHRYSLER,WRANGLER SOCIETE
CITROEN,BERLINGO
CITROEN,BERLINGO CABINE APPROFONDIE
CITROEN,BERLINGO FGN
CITROEN,BERLINGO FGN LEADER
CITROEN,BERLINGO FOURGON
CITROEN,BERLINGO FOURGON ELECTRIC
CITROEN,BERLINGO FOURGON VAN
CITROEN,BERLINGO MULTISPACE
CITROEN,BERLINGO PLANCHER CAB
CITROEN,C1
CITROEN,C1 LEADER
CITROEN,C15
CITROEN,C2
CITROEN,C2 ENTREPRISE
CITROEN,C2 LEADER
CITROEN,C3
CITROEN,C3 AIRCROSS
CITROEN,C3 AIRCROSS BUSINESS
CITROEN,C3 AIRDREAM BUSINESS
CITROEN,C3 BUSINESS
CITROEN,C3 CLASSIC
CITROEN,C3 CLASSIC ENTREPRISE
CITROEN,C3 ENTREPRISE
CITROEN,C3 GENERATION
CITROEN,C3 GENERATION ENTREPRISE
CITROEN,C3 LEADER
CITROEN,C3 PICASSO
CITROEN,C3 PICASSO AIRDREAM BUSINESS
CITROEN,C3 PICASSO BUSINESS
CITROEN,C3 PLURIEL
CITROEN,C3 SOCIETE
CITROEN,C3 SOCIETE BUSINESS R
CITROEN,C3 X-TR
CITROEN,C4
CITROEN,C4 AIRCROSS
CITROEN,C4 AIRCROSS BUSINESS
CITROEN,C4 AIRDREAM BUSINESS
CITROEN,C4 BUSINESS
CITROEN,C4 CACTUS
CITROEN,C4 CACTUS BUSINESS
CITROEN,C4 CACTUS SOCIETE
CITROEN,C4 COUPE
CITROEN,C4 COUPE ENTREPRISE
CITROEN,C4 ENTREPRISE
CITROEN,C4 LEADER
CITROEN,C4 N1
CITROEN,C4 PICASSO
CITROEN,C4 PICASSO AIRDREAM BUSINESS
CITROEN,C4 PICASSO BUSINESS
CITROEN,C4 PICASSO LEADER
CITROEN,C4 PICASSO N1
CITROEN,C4 SOCIETE
CITROEN,C4 SPACETOURER
CITROEN,C4 SPACETOURER BUSINESS
CITROEN,C5
CITROEN,C5 AIRCROSS
CITROEN,C5 AIRCROSS BUSINESS
CITROEN,C5 BREAK
CITROEN,C5 BUSINESS
CITROEN,C5 CROSSTOURER
CITROEN,C5 LEADER
CITROEN,C5 LEADER BREAK
CITROEN,C5 N1
CITROEN,C5 TOURER
CITROEN,C5 TOURER BUSINESS
CITROEN,C5 TOURER N1
CITROEN,C5 TOURER XTR
CITROEN,C6
CITROEN,C8
CITROEN,C8 LEADER
CITROEN,C-CROSSER
CITROEN,C-ELYSEE
CITROEN,C-ZERO
CITROEN,DS3
CITROEN,DS3 CABRIOLET
CITROEN,DS3 EXECUTIVE
CITROEN,DS4
CITROEN,DS4 EXECUTIVE
CITROEN,DS5
CITROEN,DS5 BUSINESS
CITROEN,DS5 EXECUTIVE
CITROEN,E-BERLINGO MULTISPACE
CITROEN,E-MEHARI
CITROEN,EVASION
CITROEN,GRAND C4 PICASSO
CITROEN,GRAND C4 PICASSO AIRDREAM BUSINESS
CITROEN,GRAND C4 PICASSO BUSINESS
CITROEN,GRAND C4 PICASSO N1
CITROEN,GRAND C4 SPACETOURER
CITROEN,GRAND C4 SPACETOURER BUSINESS
CITROEN,JUMPER CABINE APPROFONDIE
CITROEN,JUMPER CHASSIS CAB
CITROEN,JUMPER CHASSIS CABINE
CITROEN,JUMPER CHASSIS CABINE BENNE
CITROEN,JUMPER CHASSIS DBLE CAB
CITROEN,JUMPER CHASSIS DOUBLE CABINE
CITROEN,JUMPER CHASSIS-NU
CITROEN,JUMPER COMBI
CITROEN,JUMPER FGN
CITROEN,JUMPER FOURGON
CITROEN,JUMPER PLANCHER CAB
CITROEN,JUMPER PLANCHER CABINE
CITROEN,JUMPER PLATEAU CAB
CITROEN,JUMPER PLATEAU CABINE
CITROEN,JUMPER PLATEAU DBLE CAB
CITROEN,JUMPER PLATEAU DBLE CABINE
CITROEN,JUMPER PLATEAU DOUBLE CABINE
CITROEN,JUMPY
CITROEN,JUMPY CABINE APPROFONDIE
CITROEN,JUMPY COMBI
CITROEN,JUMPY FOURGON
CITROEN,JUMPY MULTISPACE
CITROEN,JUMPY PLANCHER CAB
CITROEN,NEMO
CITROEN,NEMO COMBI
CITROEN,NEMO MULTISPACE
CITROEN,SAXO
CITROEN,SAXO ENTREPRISE
CITROEN,SAXO II COMMERCIALE
CITROEN,SAXO LEADER
CITROEN,SPACETOURER
CITROEN,SPACETOURER BUSINESS
CITROEN,XANTIA
CITROEN,XANTIA BREAK
CITROEN,XANTIA II ENTREPRISE
CITROEN,XM
CITROEN,XM BREAK
CITROEN,XSARA
CITROEN,XSARA BREAK
CITROEN,XSARA BREAK ENTR
CITROEN,XSARA COUPE
CITROEN,XSARA COUPE ENTR
CITROEN,XSARA ENTREPRISE
CITROEN,XSARA II BRK CCIALE
CITROEN,XSARA II CCIALE
CITROEN,XSARA II CPE CCIALE
CITROEN,XSARA LEADER
CITROEN,XSARA PICASSO
CITROEN,XSARA PICASSO LEADER
CORVETTE,CORVETTE C6 CONVERTIBLE
CORVETTE,CORVETTE C6 COUPE
CORVETTE,CZ6
CUPRA,ATECA
DACIA,DOKKER
DACIA,DOKKER VAN
DACIA,DUSTER
DACIA,DUSTER PRO
DACIA,LODGY
DACIA,LOGAN
DACIA,LOGAN MCV
DACIA,LOGAN MCV PRO
DACIA,LOGAN PICK UP
DACIA,LOGAN VAN
DACIA,SANDERO
DACIA,SANDERO PRO
DAEWOO,ESPERO
DAEWOO,EVANDA
DAEWOO,KALOS
DAEWOO,KORANDO
DAEWOO,KORANDO CABRIOLET
DAEWOO,LACETTI
DAEWOO,LANOS
DAEWOO,LANOS COMMERCIALE
DAEWOO,LEGANZA
DAEWOO,MATIZ
DAEWOO,MUSSO
DAEWOO,NEXIA
DAEWOO,NEXIA COMMERCIALE
DAEWOO,NUBIRA
DAEWOO,NUBIRA BREAK
DAEWOO,NUBIRA BREAK COM
DAEWOO,REXTON
DAEWOO,REZZO
DAIHATSU,CHARADE
DAIHATSU,COPEN
DAIHATSU,CUORE
DAIHATSU,GRAN MOVE
DAIHATSU,MATERIA
DAIHATSU,MOVE
DAIHATSU,ROCKY
DAIHATSU,SIRION
DAIHATSU,TERIOS
DAIHATSU,TERIOS II
DAIHATSU,TERIOS III
DAIHATSU,TREVIS
DAIHATSU,YRV
DANGEL,BERLINGO
DANGEL,BERLINGO VUL
DANGEL,BOXER CHASSIS CABINE
DANGEL,BOXER CHASSIS DOUBLE CABINE
DANGEL,BOXER FOURGON
DANGEL,DUCATO CHASSIS CABINE
DANGEL,DUCATO CHASSIS DOUBLE CABINE
DANGEL,DUCATO FOURGON
DANGEL,EXPERT FOURGON
DANGEL,EXPERT TEPEE
DANGEL,JUMPER CHASSIS CABINE
DANGEL,JUMPER CHASSIS DOUBLE CABINE
DANGEL,JUMPER FOURGON
DANGEL,JUMPY COMBI
DANGEL,JUMPY FOURGON
DANGEL,PARTNER
DANGEL,PARTNER VUL
DANGEL,SCUDO
DANGEL,SCUDO FOURGON
DE LA CHAPELLE,TYPE 55 TOURER CABRIOLET
DODGE,AVENGER
DODGE,CALIBER
DODGE,JOURNEY
DODGE,NITRO
DODGE,VIPER SRT-10
DONKERVOORT,D8
DONKERVOORT,D8 COSWORTH
DR,DR ZERO
DS,DS3
DS,DS3 CABRIOLET
DS,DS3 CROSSBACK
DS,DS3 CROSSBACK BUSINESS
DS,DS3 EXECUTIVE
DS,DS4
DS,DS4 BUSINESS
DS,DS4 CROSSBACK
DS,DS4 CROSSBACK EXECUTIVE
DS,DS4 EXECUTIVE
DS,DS5
DS,DS5 BUSINESS
DS,DS5 EXECUTIVE
DS,DS7 CROSSBACK
DS,DS7 CROSSBACK BUSINESS
DS,DS7 CROSSBACK EXECUTIVE
FERRARI,456
FERRARI,16M SCUDERIA SPIDER
FERRARI,360 MODENA
FERRARI,360 MODENA SPIDER CABRIOLET
FERRARI,458 ITALIA
FERRARI,458 SPECIALE
FERRARI,458 SPECIALE A
FERRARI,458 SPIDER
FERRARI,488 CHALLENGE
FERRARI,488 GTB
FERRARI,488 PISTA
FERRARI,488 PISTA SPIDER
FERRARI,488 SPIDER
FERRARI,550 MARANELLO
FERRARI,575 MARANELLO
FERRARI,599 FIORANO
FERRARI,612 SCAGLIETTI
FERRARI,812 SUPERFAST
FERRARI,CALIFORNIA
FERRARI,CALIFORNIA T
FERRARI,F 355 CABRIOLET
FERRARI,F 355 COUPE
FERRARI,F12 BERLINETTA
FERRARI,F430
FERRARI,F430 SPIDER
FERRARI,F8 TRIBUTO
FERRARI,FF
FERRARI,GTC4 LUSSO
FERRARI,MONZA SP1
FERRARI,MONZA SP2
FERRARI,PORTOFINO
FERRARI,SF90 STRADALE
FIAT,500
FIAT,600
FIAT,124 SPIDER
FIAT,500 MY17
FIAT,500 MY17 VPC
FIAT,500 MY20 SERIE 7 EURO 6D
FIAT,500 SERIE 3
FIAT,500 SERIE 3 VPC
FIAT,500 SERIE 4
FIAT,500 SERIE 4 VPC
FIAT,500 SERIE 6
FIAT,500 SERIE 6 EURO 6D
FIAT,500 SERIE 6 EURO 6D VPC
FIAT,500 SERIE 6 VPC
FIAT,500 SERIE 8 EURO 6D-TEMP
FIAT,500 VPC
FIAT,500C
FIAT,500C MY17
FIAT,500C MY20 SERIE 7 EURO 6D
FIAT,500C SERIE 3
FIAT,500C SERIE 4
FIAT,500C SERIE 6
FIAT,500C SERIE 6 EURO 6D
FIAT,500C SERIE 8 EURO 6D-TEMP
FIAT,500L
FIAT,500L BUSINESS
FIAT,500L BUSINESS SERIE 4
FIAT,500L BUSINESS SERIE 4 VPC
FIAT,500L BUSINESS VPC
FIAT,500L LIVING
FIAT,500L LIVING SERIE 4
FIAT,500L MY19
FIAT,500L MY19 EURO 6D VPC
FIAT,500L MY19 SERIE 7 EURO 6D
FIAT,500L RUN OUT
FIAT,500L RUN OUT BUSINESS
FIAT,500L RUN OUT BUSINESS VPC
FIAT,500L RUN OUT VPC
FIAT,500L SERIE 4
FIAT,500L SERIE 4 VPC
FIAT,500L SERIE 5
FIAT,500L SERIE 5 VPC
FIAT,500L SERIE 6 EURO 6D-TEMP
FIAT,500L SERIE 8 EURO 6D-TEMP
FIAT,500L VPC
FIAT,500L WAGON MY19
FIAT,500L WAGON MY19 SERIE 7 EURO 6D
FIAT,500L WAGON SERIE 5
FIAT,500X
FIAT,500X BUSINESS
FIAT,500X BUSINESS MY17
FIAT,500X BUSINESS MY18
FIAT,500X BUSINESS VPC
FIAT,500X MY17
FIAT,500X MY17 BUSINESS VPC
FIAT,500X MY17 VPC
FIAT,500X MY18
FIAT,500X MY18 BUSINESS VPC
FIAT,500X MY18 VPC
FIAT,500X MY19
FIAT,500X MY20
FIAT,500X VPC
FIAT,BARCHETTA
FIAT,BRAVA
FIAT,BRAVA COMMERCIALE
FIAT,BRAVO
FIAT,BRAVO BUSINESS
FIAT,BRAVO COMMERCIALE
FIAT,BRAVO COMMERCIALE SELECTION CERCLE ENTR
FIAT,BRAVO SELECTION CERCLE ENTREPRISES
FIAT,COUPE
FIAT,CROMA
FIAT,CROMA COMMERCIALE
FIAT,CROMA SW
FIAT,CROMA SW COMMERCIALE
FIAT,DOBLO
FIAT,DOBLO BUSINESS
FIAT,DOBLO CARGO
FIAT,DOBLO CARGO CABINE APPROFONDIE EURO 6D-T
FIAT,DOBLO CARGO EURO 6D-TEMP
FIAT,DOBLO MY17
FIAT,DOBLO PANORAMA
FIAT,DOBLO PLANCHER CABINE
FIAT,DOBLO PLANCHER CABINE EURO 6D-TEMP
FIAT,DOBLO PLATEAU CABINE
FIAT,DOBLO PLATEAU CABINE EURO 6D-TEMP
FIAT,DUCATO CABINE APPROFONDIE
FIAT,DUCATO CABINE APPROFONDIE EURO 6D-TEMP
FIAT,DUCATO CHASSIS BENNE
FIAT,DUCATO CHASSIS CABINE
FIAT,DUCATO CHASSIS CABINE EURO 6D-TEMP
FIAT,DUCATO CHASSIS DBLE CAB
FIAT,DUCATO CHASSIS DBLE CABINE
FIAT,DUCATO CHASSIS DOUBLE CABINE
FIAT,DUCATO CHASSIS DOUBLE CABINE EURO 6D-TEM
FIAT,DUCATO CHASSIS-NU
FIAT,DUCATO COMBI
FIAT,DUCATO FOURGON
FIAT,DUCATO FOURGON EURO 6D-TEMP
FIAT,DUCATO MINIBUS
FIAT,DUCATO MY CHASSIS CABINE
FIAT,DUCATO MY CHASSIS DBLE CAB
FIAT,DUCATO MY COMBI
FIAT,DUCATO MY FOURGON
FIAT,DUCATO MY PANORAMA
FIAT,DUCATO PAN MINIBUS
FIAT,DUCATO PANORAMA
FIAT,DUCATO PLANCHER CABINE
FIAT,DUCATO PLANCHER CABINE EURO 6D-TEMP
FIAT,FIAT 600 COMMERCIALE
FIAT,FIORINO
FIAT,FIORINO COMBI
FIAT,FIORINO COMBI MY
FIAT,FIORINO EVOL FGN
FIAT,FIORINO EVOL PICK UP
FIAT,FIORINO MY
FIAT,FIORINO PANORAMA
FIAT,FIORINO PANORAMA MY
FIAT,FREEMONT
FIAT,FREEMONT BUSINESS
FIAT,FREEMONT BUSINESS MY 2012
FIAT,FREEMONT COMMERCIALE
FIAT,FREEMONT COMMERCIALE BUSINESS
FIAT,FREEMONT MY 2012
FIAT,FULLBACK CABINE APPROFONDIE
FIAT,FULLBACK CABINE APPROFONDIE MY18
FIAT,FULLBACK DOUBLE CABINE
FIAT,FULLBACK DOUBLE CABINE MY18
FIAT,FULLBACK DOUBLE CABINE SERIE 0
FIAT,GRANDE PUNTO
FIAT,GRANDE PUNTO COMMERCIALE
FIAT,IDEA
FIAT,IDEA COMMERCIALE
FIAT,MAREA
FIAT,MAREA WEEK END
FIAT,MAREA WEEK END COM
FIAT,MULTIPLA
FIAT,MULTIPLA COMMERCIAL
FIAT,MULTIPLA COMMERCIALE
FIAT,PALIO
FIAT,PALIO WEEK END
FIAT,PANDA
FIAT,PANDA 4X4
FIAT,PANDA 4X4 CULT
FIAT,PANDA 4X4 CULT COMMERCIALE
FIAT,PANDA 4X4 MY
FIAT,PANDA 4X4 MY COMMERCIALE
FIAT,PANDA BUSINESS
FIAT,PANDA BUSINESS SERIE 1
FIAT,PANDA BUSINESS SERIE 1 VPC
FIAT,PANDA BUSINESS SERIE 2
FIAT,PANDA BUSINESS SERIE 2 VPC
FIAT,PANDA BUSINESS VPC
FIAT,PANDA COMMERCIALE
FIAT,PANDA COMMERCIALE 4X4
FIAT,PANDA COMMERCIALE CROSS 4X4
FIAT,PANDA CROSS 4X4
FIAT,PANDA CROSS 4X4 MY
FIAT,PANDA CROSS 4X4 MY COMMERCIALE
FIAT,PANDA CULT
FIAT,PANDA CULT BUSINESS
FIAT,PANDA CULT COMMERCIALE
FIAT,PANDA CULT COMMERCIALE SELECTION CERCLE
FIAT,PANDA CULT SELECTION CERCLE ENTREPRISES
FIAT,PANDA MY
FIAT,PANDA MY BUSINESS
FIAT,PANDA MY COMMERCIALE
FIAT,PANDA MY COMMERCIALE SELECTION CERCLE EN
FIAT,PANDA MY SELECTION CERCLE ENTREPRISES
FIAT,PANDA MY19
FIAT,PANDA MY19 E6D VPC
FIAT,PANDA SERIE 1
FIAT,PANDA SERIE 1 VPC
FIAT,PANDA SERIE 2
FIAT,PANDA SERIE 2 VPC
FIAT,PANDA VPC
FIAT,PUNTO
FIAT,PUNTO BUSINESS
FIAT,PUNTO BUSINESS VPC
FIAT,PUNTO CABRIOLET
FIAT,PUNTO COMMERCIALE
FIAT,PUNTO COMMERCIALE BUSINESS
FIAT,PUNTO COMMERCIALE SELECTION CERCLE ENTRE
FIAT,PUNTO CULT
FIAT,PUNTO CULT COMMERCIALE
FIAT,PUNTO EVO
FIAT,PUNTO EVO COMMERCIALE
FIAT,PUNTO EVO COMMERCIALE SELECTION CERCLE E
FIAT,PUNTO EVO PRO COMMERCIALE
FIAT,PUNTO EVO SELECTION CERCLE ENTREPRISES
FIAT,PUNTO PRO COMMERCIALE
FIAT,PUNTO SELECTION CERCLE ENTREPRISES
FIAT,PUNTO SERIE 8
FIAT,PUNTO SERIE 8 VPC
FIAT,PUNTO VAN
FIAT,PUNTO VPC
FIAT,QUBO
FIAT,QUBO BUSINESS
FIAT,QUBO SELECTION CERCLE ENTREPRISES
FIAT,SCUDO COMBI
FIAT,SCUDO FOURGON
FIAT,SCUDO PANORAMA
FIAT,SCUDO PLANCHER CAB
FIAT,SCUDO PLANCHER CABINE
FIAT,SEDICI
FIAT,SEDICI COMMERCIAL
FIAT,SEICENTO
FIAT,SEICENTO COMMERCIALE
FIAT,STILO
FIAT,STILO COMMERCIALE
FIAT,STILO COMMERCIALE MW
FIAT,STILO COMMERCIALE MW PRO
FIAT,STILO COMMERCIALE PRO
FIAT,STILO MULTIWAGON
FIAT,STILO MULTWAGON PRO
FIAT,STILO PRO
FIAT,STILO UPROAD
FIAT,STRADA
FIAT,STRADA PICK UP
FIAT,STRADA PICK-UP
FIAT,TALENTO CABINE APPROFONDIE
FIAT,TALENTO CABINE APPROFONDIE EURO D-TEMP
FIAT,TALENTO COMBI
FIAT,TALENTO COMBI EURO 6D-TEMP
FIAT,TALENTO FOURGON
FIAT,TALENTO FOURGON EURO 6D-TEMP
FIAT,TALENTO PANORAMA
FIAT,TALENTO PANORAMA EURO 6D-TEMP
FIAT,TALENTO PLANCHER CABINE
FIAT,TALENTO PLANCHER CABINE EURO 6D-TEMP
FIAT,TIPO
FIAT,TIPO 5 PORTES
FIAT,TIPO 5 PORTES BUSINESS
FIAT,TIPO 5 PORTES BUSINESS VPC
FIAT,TIPO 5 PORTES MY19 E6D
FIAT,TIPO 5 PORTES MY19 E6D VPC
FIAT,TIPO 5 PORTES MY20
FIAT,TIPO 5 PORTES VPC
FIAT,TIPO BUSINESS
FIAT,TIPO MY19 E6D
FIAT,TIPO MY20
FIAT,TIPO SOCIETE
FIAT,TIPO STATION WAGON
FIAT,TIPO STATION WAGON BUSINESS
FIAT,TIPO STATION WAGON BUSINESS VPC
FIAT,TIPO STATION WAGON MY19 E6D
FIAT,TIPO STATION WAGON MY19 E6D VPC
FIAT,TIPO STATION WAGON MY20
FIAT,TIPO STATION WAGON VPC
FIAT,ULYSSE
FIAT,ULYSSE COMMERCIALE
FISKER,KARMA
FORD,B-MAX
FORD,C-MAX
FORD,COMPACT FOURGON
FORD,COUGAR
FORD,COURRIER
FORD,COURRIER COMBI
FORD,ECOSPORT
FORD,EDGE
FORD,EDGE VIGNALE
FORD,ESCORT CLASSIC
FORD,ESCORT CLIPPER CLASSIC
FORD,ESCORT LIVRAISON AB
FORD,EXPLORER
FORD,FIESTA
FORD,FIESTA ACTIVE
FORD,FIESTA AFFAIRES
FORD,FIESTA ST
FORD,FIESTA ST200
FORD,FOCUS
FORD,FOCUS ACTIVE
FORD,FOCUS CLIPPER
FORD,FOCUS C-MAX
FORD,FOCUS COUPE
FORD,FOCUS COUPE CABRIOLET
FORD,FOCUS SW
FORD,FOCUS SW ACTIVE
FORD,FUSION
FORD,GALAXY
FORD,GALAXY II
FORD,GRAND C-MAX
FORD,GRAND TOURNEO CONNECT
FORD,KA
FORD,KA+
FORD,KA+ ACTIVE
FORD,KUGA
FORD,KUGA VIGNALE
FORD,MONDEO
FORD,MONDEO CLIPPER
FORD,MONDEO HYBRID
FORD,MONDEO SW
FORD,MONDEO VIGNALE
FORD,MONDEO VIGNALE SW
FORD,MUSTANG CONVERTIBLE
FORD,MUSTANG FASTBACK
FORD,PUMA
FORD,RANGER DOUBLE CABINE
FORD,RANGER PICK-UP DOUBLE CABINE
FORD,RANGER SIMPLE CABINE
FORD,RANGER SUPER CABINE
FORD,S-MAX
FORD,S-MAX VIGNALE
FORD,SPORTKA
FORD,STREETKA
FORD,TOURNEO
FORD,TOURNEO CONNECT
FORD,TOURNEO CONNECT N1
FORD,TOURNEO COURIER
FORD,TOURNEO CUSTOM
FORD,TOURNEO CUSTOM SHUTTLE
FORD,TOURNEO MINIBUS
FORD,TRANSIT CHASSIS CABINE
FORD,TRANSIT CHASSIS DBLE CAB
FORD,TRANSIT CHASSIS DOUBLE CABINE
FORD,TRANSIT CHASSIS MODULAIRE
FORD,TRANSIT CONNECT CABINE APPROFONDIE
FORD,TRANSIT CONNECT FGN
FORD,TRANSIT COURIER FOURGON
FORD,TRANSIT CUSTOM CABINE APPROFONDIE
FORD,TRANSIT CUSTOM FOURGON
FORD,TRANSIT CUSTOM KOMBI
FORD,TRANSIT FOURGON
FORD,TRANSIT FOURGON CABINE APPROFONDIE
FORD,TRANSIT FOURGON SURELEVE
FORD,TRANSIT KOMBI
FORD,TRANSIT PLANCHER CABINE
FSO,TRUCK FOURGON
FSO,TRUCK PICK UP
HONDA,ACCORD
HONDA,ACCORD COUPE
HONDA,ACCORD TOURER
HONDA,CIVIC
HONDA,CIVIC 2017
HONDA,CIVIC 2018
HONDA,CIVIC 2020
HONDA,CIVIC 4 PORTES 2017
HONDA,CIVIC 4 PORTES 2018
HONDA,CIVIC 4 PORTES 2020
HONDA,CIVIC AERODECK
HONDA,CIVIC HYBRID
HONDA,CIVIC TOURER
HONDA,CIVIC TYPE R
HONDA,CIVIC TYPE S
HONDA,CR-V
HONDA,CR-V HYBRID
HONDA,CR-Z HYBRID
HONDA,FR-V
HONDA,HONDA E
HONDA,HR-V
HONDA,HR-V JOY MACHINE
HONDA,INSIGHT HYBRID
HONDA,INTEGRA
HONDA,JAZZ
HONDA,JAZZ 2019
HONDA,JAZZ HYBRID
HONDA,LEGEND
HONDA,LOGO
HONDA,NSX
HONDA,NSX 2019
HONDA,PRELUDE
HONDA,S2000
HONDA,S2000 ROADSTER
HONDA,SHUTTLE
HONDA,STREAM
HUMMER,H1
HUMMER,H1 SW
HUMMER,H2 SUT
HUMMER,H2 SUV
HUMMER,H3 SUV
HYUNDAI,ACCENT
HYUNDAI,ACCENT SOCIETE
HYUNDAI,ATOS
HYUNDAI,ATOS PRIME
HYUNDAI,ATOS SOCIETE
HYUNDAI,AZERA
HYUNDAI,COUPE
HYUNDAI,ELANTRA
HYUNDAI,ELANTRA SOCIETE
HYUNDAI,GALLOPER
HYUNDAI,GALLOPER SOCIETE
HYUNDAI,GENESIS
HYUNDAI,GENESIS COUPE
HYUNDAI,GETZ
HYUNDAI,GETZ SOCIETE
HYUNDAI,H 100 FOURGON
HYUNDAI,H-1
HYUNDAI,H-1 VAN
HYUNDAI,H100 CHASSIS CABINE
HYUNDAI,H100 PLATEAU CABINE
HYUNDAI,i10
HYUNDAI,i10 SOCIETE
HYUNDAI,i20
HYUNDAI,i20 ACTIVE
HYUNDAI,i20 BUSINESS
HYUNDAI,i20 COUPE
HYUNDAI,i20 SOCIETE
HYUNDAI,i30
HYUNDAI,i30 BUSINESS
HYUNDAI,i30 CW
HYUNDAI,i30 CW SOCIETE
HYUNDAI,i30 FASTBACK
HYUNDAI,i30 SOCIETE
HYUNDAI,i30 SW
HYUNDAI,i30 SW BUSINESS
HYUNDAI,i30 TURBO
HYUNDAI,i40
HYUNDAI,i40 BUSINESS
HYUNDAI,i40 SW
HYUNDAI,i40 SW BUSINESS
HYUNDAI,IONIQ
HYUNDAI,IONIQ BUSINESS
HYUNDAI,ix20
HYUNDAI,ix35
HYUNDAI,ix55
HYUNDAI,KONA
HYUNDAI,KONA ELECTRIC
HYUNDAI,KONA HYBRID
HYUNDAI,LANTRA
HYUNDAI,LANTRA BREAK
HYUNDAI,MATRIX
HYUNDAI,MATRIX SOCIETE
HYUNDAI,NEXO
HYUNDAI,PONY
HYUNDAI,SANTA FE
HYUNDAI,SANTA FE II
HYUNDAI,SANTA FE II SOCIETE
HYUNDAI,SANTA FE SOCIETE
HYUNDAI,SATELLITE
HYUNDAI,SONATA
HYUNDAI,SONATA II
HYUNDAI,TERRACAN
HYUNDAI,TERRACAN SOCIETE
HYUNDAI,TRAJET
HYUNDAI,TRAJET SOCIETE
HYUNDAI,TUCSON
HYUNDAI,TUCSON BUSINESS
HYUNDAI,TUCSON SOCIETE
HYUNDAI,VELOSTER
HYUNDAI,XG
INFINITI,EX
INFINITI,FX
INFINITI,G
INFINITI,G CABRIOLET
INFINITI,G COUPE
INFINITI,M
INFINITI,M BUSINESS
INFINITI,Q30
INFINITI,Q50
INFINITI,Q60
INFINITI,Q60 CABRIOLET
INFINITI,Q60 COUPE
INFINITI,Q70
INFINITI,QX30
INFINITI,QX50
INFINITI,QX70
ISUZU,D-MAX
ISUZU,N CHASSIS CABINE
ISUZU,N CHASSIS DBLE CAB
ISUZU,SERIE N EURO4 CHASSIS CABINE
ISUZU,SERIE N EURO4 CHASSIS DBLE CABINE
ISUZU,SERIE N EVOLUTION CHASSIS CABINE
ISUZU,SERIE N EVOLUTION CHASSIS DOUBLE CABINE
ISUZU,SERIE N EVOLUTION EURO V CHASSIS CABINE
ISUZU,SERIE N EVOLUTION EURO V CHASSIS DOUBLE
ISUZU,SERIE N EVOLUTION EURO VB+
ISUZU,SERIE N EVOLUTION EURO VI
ISUZU,TROOPER COURT
ISUZU,TROOPER LONG
ISUZU,TROOPER VU
IVECO,DAILY 3.0 EEV CHASSIS CABINE
IVECO,DAILY 3.0 EEV CHASSIS DOUBLE CABINE
IVECO,DAILY 3.0 EEV FOURGON
IVECO,DAILY 4X4 CHASSIS CAB
IVECO,DAILY 4X4 CHASSIS CABINE
IVECO,DAILY BASIC CHCAB
IVECO,DAILY BASIC FOURGON
IVECO,DAILY BLUE POWER CHASSIS CABINE
IVECO,DAILY BLUE POWER CHASSIS DBLE CABINE
IVECO,DAILY BLUE POWER FOURGON
IVECO,DAILY CHASSIS CAB
IVECO,DAILY CHASSIS CABINE
IVECO,DAILY CHASSIS CABINE GAZ
IVECO,DAILY CHASSIS CABINE NATURAL POWER
IVECO,DAILY CHASSIS DBCAB
IVECO,DAILY CHASSIS DBLE CAB
IVECO,DAILY CHASSIS DBLE CABINE
IVECO,DAILY CHASSIS DBLE CABINE GAZ
IVECO,DAILY CHASSIS DOUBLE CABINE
IVECO,DAILY CHASSIS DOUBLE CABINE NATURAL POWE
IVECO,DAILY CLASSE C CHASSIS CAB
IVECO,DAILY CLASSE C CHASSIS DBCAB
IVECO,DAILY CLASSE C CHASSIS DBLE CAB
IVECO,DAILY CLASSE C FOURGON
IVECO,DAILY CLASSE L
IVECO,DAILY CLASSE L CHASSIS CAB
IVECO,DAILY CLASSE L CHASSIS DBCAB
IVECO,DAILY CLASSE L CHASSIS DBLE CAB
IVECO,DAILY CLASSE L CHCAB
IVECO,DAILY CLASSE L FOURGON
IVECO,DAILY CLASSE S
IVECO,DAILY CLASSE S CHASSIS CAB
IVECO,DAILY CLASSE S CHASSIS DBCAB
IVECO,DAILY CLASSE S CHASSIS DBLE CAB
IVECO,DAILY CLASSE S FOURGON
IVECO,DAILY CLASSIC CHASSIS DBCAB
IVECO,DAILY CLASSIC CHCAB
IVECO,DAILY CLASSIC FGN
IVECO,DAILY FOURGON
IVECO,DAILY FOURGON GAZ
IVECO,DAILY FOURGON NATURAL POWER
IVECO,DAILY FOURGON SEMI VITRE
IVECO,DAILY MINICAB CHASSIS CAB
IVECO,DAILY MINICAB CHASSIS DBLE CAB
IVECO,DAILY MINIVAN
IVECO,MASSIF CHASSIS CABINE
IVECO,MASSIF PICK UP
IVECO,MASSIF STATION WAGON
JAGUAR,DAIMLER
JAGUAR,E-PACE
JAGUAR,F-PACE
JAGUAR,F-TYPE CABRIOLET
JAGUAR,F-TYPE CABRIOLET SVR
JAGUAR,F-TYPE COUPE
JAGUAR,F-TYPE COUPE SVR
JAGUAR,I-PACE
JAGUAR,SOVEREIGN
JAGUAR,S-TYPE
JAGUAR,SUPER
JAGUAR,XE
JAGUAR,XF
JAGUAR,XF SPORTBRAKE
JAGUAR,XJ
JAGUAR,XJ6
JAGUAR,XJ8
JAGUAR,XJR
JAGUAR,XK
JAGUAR,XK8
JAGUAR,XKR
JAGUAR,X-TYPE
JAGUAR,X-TYPE ESTATE
JEEP,CHEROKEE
JEEP,COMMANDER
JEEP,COMPASS
JEEP,GRAND CHEROKEE
JEEP,JEEP WRANGLER
JEEP,PATRIOT
JEEP,RENEGADE
JEEP,WRANGLER
KIA,BESTA FOURGON
KIA,CARENS
KIA,CARENS BUSINESS
KIA,CARENS II
KIA,CARNIVAL
KIA,CARNIVAL II
KIA,CEED
KIA,CEE'D
KIA,CEED BUSINESS
KIA,CEE'D BUSINESS
KIA,CEE'D GT
KIA,CEE'D MY18
KIA,CEED SW
KIA,CEE'D SW
KIA,CEED SW BUSINESS
KIA,CEE'D SW BUSINESS
KIA,CEE'D SW MY18
KIA,CERATO
KIA,CLARUS
KIA,CUTBACK
KIA,E-NIRO
KIA,E-NIRO BUSINESS
KIA,E-SOUL
KIA,K2500 CHASSIS CABINE
KIA,K2500 CHASSIS DOUBLE CABINE
KIA,K2500 PLATEAU CABINE
KIA,K2500 PLATEAU DOUBLE CABINE
KIA,K2700 CHASSIS CABINE
KIA,K2700 II BENNE
KIA,K2700 II CHASSIS CABINE
KIA,K2700 PLATEAU RIDELLE
KIA,MAGENTIS
KIA,MAGENTIS II
KIA,NIRO
KIA,NIRO BUSINESS
KIA,OPIRUS
KIA,OPTIMA
KIA,OPTIMA BUSINESS
KIA,OPTIMA SW
KIA,OPTIMA SW BUSINESS
KIA,PICANTO
KIA,PREGIO
KIA,PRIDE
KIA,PRIDE BREAK
KIA,PRO_CEE'D
KIA,PRO_CEE'D COUPE
KIA,PRO_CEE'D GT COUPE
KIA,PROCEED
KIA,PROCEED BUSINESS
KIA,RIO
KIA,RIO BUSINESS
KIA,SEPHIA
KIA,SHUMA
KIA,SHUMA II
KIA,SORENTO
KIA,SOUL
KIA,SOUL EV
KIA,SPORTAGE
KIA,SPORTAGE BUSINESS
KIA,SPORTAGE CUTBACK
KIA,STINGER
KIA,STONIC
KIA,STONIC BUSINESS
KIA,VENGA
KIA,XCEED
LADA,110
LADA,111
LADA,112
LADA,1118
LADA,4X4
LADA,GRANTA
LADA,KALINA
LADA,KALINA BREAK
LADA,NIVA
LADA,NIVA UTILITAIRE
LADA,PRIORA
LADA,PRIORA BREAK
LAMBORGHINI,AVENTADOR
LAMBORGHINI,AVENTADOR ROADSTER
LAMBORGHINI,AVENTADOR S
LAMBORGHINI,AVENTADOR S ROADSTER
LAMBORGHINI,AVENTADOR SVJ
LAMBORGHINI,AVENTADOR SVJ ROADSTER
LAMBORGHINI,DIABLO
LAMBORGHINI,GALLARDO
LAMBORGHINI,GALLARDO LP 550-2
LAMBORGHINI,GALLARDO LP 560-2
LAMBORGHINI,GALLARDO LP 560-4
LAMBORGHINI,GALLARDO LP 570-4
LAMBORGHINI,GALLARDO SPYDER
LAMBORGHINI,GALLARDO SPYDER LP 560-4
LAMBORGHINI,GALLARDO SPYDER LP 570-4
LAMBORGHINI,GALLARDO SUPERLEGGERA
LAMBORGHINI,GALLARDO SUPERLEGGERA LP 570-4
LAMBORGHINI,HURACAN
LAMBORGHINI,HURACAN EVO
LAMBORGHINI,HURACAN EVO SPYDER
LAMBORGHINI,HURACAN SPYDER
LAMBORGHINI,MURCIELAGO
LAMBORGHINI,MURCIELAGO LP 640
LAMBORGHINI,MURCIELAGO LP 670
LAMBORGHINI,MURCIELAGO ROADSTER LP 640
LAMBORGHINI,MURCIELAGO ROADSTER LP 650
LAMBORGHINI,URUS
LANCIA,DEDRA STRESA
LANCIA,DEDRA STRESA SW
LANCIA,DELTA
LANCIA,DELTA 2014
LANCIA,DELTA SELECTION CERCLE ENT
LANCIA,DELTA VPC
LANCIA,DELTA VPC 2014
LANCIA,DELTA VPC SELECTION CERCLE ENTREPRISES
LANCIA,FLAVIA
LANCIA,KAPPA
LANCIA,KAPPA COUPE
LANCIA,KAPPA SPORT WAGON
LANCIA,LYBRA
LANCIA,LYBRA SPORT WAGON
LANCIA,MUSA
LANCIA,MUSA SELECTION CERCLE ENTREPRISES
LANCIA,MUSA VPC
LANCIA,MUSA VPC SELECTION CERCLE ENTREPRISES
LANCIA,PHEDRA
LANCIA,PHEDRA VPC
LANCIA,THEMA
LANCIA,THESIS
LANCIA,VOYAGER
LANCIA,VOYAGER VPC
LANCIA,Y
LANCIA,YPSILON
LANCIA,YPSILON SELECTION CERCLE ENT
LANCIA,YPSILON VPC
LANCIA,YPSILON VPC SELECTION CERCLE ENTREPRISES
LANCIA,ZETA
LAND ROVER,110 DEFENDER
LAND ROVER,90 DEFENDER
LAND ROVER,DEFENDER
LAND ROVER,DEFENDER 110
LAND ROVER,DEFENDER 110 II STATION WAGON
LAND ROVER,DEFENDER 110 MARK III
LAND ROVER,DEFENDER 110 MARK III PICK UP
LAND ROVER,DEFENDER 110 MARK III PICK UP DBLE CAB
LAND ROVER,DEFENDER 110 MARK IV
LAND ROVER,DEFENDER 110 MARK IV PICK UP
LAND ROVER,DEFENDER 110 MARK IV PICK UP DBLE CAB
LAND ROVER,DEFENDER 110 PICK UP
LAND ROVER,DEFENDER 110 PICK UP DBLE CAB
LAND ROVER,DEFENDER 110 STATION WAGON
LAND ROVER,DEFENDER 130
LAND ROVER,DEFENDER 130 MARK III PICK UP DBLE CAB
LAND ROVER,DEFENDER 130 MARK IV PICK UP DBLE CAB
LAND ROVER,DEFENDER 130 MARK IV PICK UP SIMPLE CAB
LAND ROVER,DEFENDER 90
LAND ROVER,DEFENDER 90 II STATION WAGON
LAND ROVER,DEFENDER 90 MARK III
LAND ROVER,DEFENDER 90 MARK III PICK UP
LAND ROVER,DEFENDER 90 MARK IV
LAND ROVER,DEFENDER 90 MARK IV PICK UP
LAND ROVER,DEFENDER 90 PICK UP
LAND ROVER,DEFENDER 90 STATION WAGON
LAND ROVER,DISCOVERY
LAND ROVER,DISCOVERY 3
LAND ROVER,DISCOVERY 4
LAND ROVER,DISCOVERY BUSINESS
LAND ROVER,DISCOVERY SPORT
LAND ROVER,DISCOVERY SPORT BUSINESS
LAND ROVER,FREELANDER
LAND ROVER,FREELANDER II
LAND ROVER,RANGE ROVER
LAND ROVER,RANGE ROVER EVOQUE
LAND ROVER,RANGE ROVER EVOQUE BUSINESS
LAND ROVER,RANGE ROVER EVOQUE CABRIOLET
LAND ROVER,RANGE ROVER EVOQUE COUPE
LAND ROVER,RANGE ROVER EVOQUE COUPE BUSINESS
LAND ROVER,RANGE ROVER SPORT
LAND ROVER,RANGE ROVER VELAR
LDV,CONVOY CHASSIS CABINE
LDV,CONVOY CHASSIS DOUBLE CABINE
LDV,CONVOY FOURGON
LEXUS,CT
LEXUS,CT MY20
LEXUS,ES
LEXUS,ES MY20
LEXUS,GS
LEXUS,GS 300
LEXUS,IS
LEXUS,IS 200
LEXUS,IS 220
LEXUS,IS 250
LEXUS,IS 300
LEXUS,IS C
LEXUS,IS MY20
LEXUS,IS-F
LEXUS,LC
LEXUS,LS
LEXUS,LS 400
LEXUS,LS 430
LEXUS,LS 460
LEXUS,LS 600
LEXUS,NX
LEXUS,NX MY20
LEXUS,NX MY20 MM19
LEXUS,RC
LEXUS,RC NOUVEAU
LEXUS,RC NOUVEAU MY20
LEXUS,RX
LEXUS,RX 300
LEXUS,RX 350
LEXUS,RX 400h
LEXUS,RX 450h
LEXUS,RX MC19
LEXUS,SC
LEXUS,UX
LEXUS,UX MY20
LOTUS,2-ELEVEN
LOTUS,ELISE
LOTUS,ESPRIT
LOTUS,EVORA
LOTUS,EXIGE
LOTUS,EXIGE ROADSTER
MAHINDRA,BOLERO
MAHINDRA,BOLERO PICK-UP
MAHINDRA,CJ 340
MAHINDRA,CJ 540
MAHINDRA,GOA
MAHINDRA,GOA PICK-UP
MAN,TGE CHASSIS CABINE
MAN,TGE CHASSIS DOUBLE CABINE
MAN,TGE FOURGON
MASERATI,3200 COUPE
MASERATI,COUPÉ
MASERATI,GHIBLI
MASERATI,GRANCABRIO
MASERATI,GRANTURISMO
MASERATI,LEVANTE
MASERATI,QUATTROPORTE
MASERATI,QUATTROPORTE EVOLUZIONE
MASERATI,SPYDER
MASTRETTA,MXT
MAYBACH,MAYBACH
MAZDA,121
MAZDA,323
MAZDA,626
MAZDA,121 COMMERCIALE
MAZDA,323 ENTREPRISE
MAZDA,626 BREAK
MAZDA,B2500 BENNE
MAZDA,B2500 CHASSIS CABINE
MAZDA,B2500 PICK UP
MAZDA,B2500 PLATEAU RIDELLE
MAZDA,BT-50
MAZDA,CX-3
MAZDA,CX-30
MAZDA,CX-5
MAZDA,CX-5 2019
MAZDA,CX-7
MAZDA,DEMIO
MAZDA,E 2000 CHASSIS CABINE
MAZDA,E 2200 D PLATEAU RIDELLE
MAZDA,E 2200 FOURGON
MAZDA,MAZDA 2 2020
MAZDA,MAZDA2
MAZDA,MAZDA3
MAZDA,MAZDA3 2016
MAZDA,MAZDA3 2017
MAZDA,MAZDA3 5 PORTES
MAZDA,MAZDA3 BERLINE
MAZDA,MAZDA5
MAZDA,MAZDA6
MAZDA,MAZDA6 2017
MAZDA,MAZDA6 FASTWAGON
MAZDA,MAZDA6 NORME EVAP
MAZDA,MAZDA6 WAGON
MAZDA,MAZDA6 WAGON 2017
MAZDA,MAZDA6 WAGON NORME EVAP
MAZDA,MPV
MAZDA,MX3
MAZDA,MX5
MAZDA,MX-5
MAZDA,MX-5 RF
MAZDA,MX-5 RF NORME EVAP
MAZDA,MX-5 ROADSTER COUPE
MAZDA,MX-5 ST
MAZDA,MX-5 ST NORME EVAP
MAZDA,PREMACY
MAZDA,RX-8
MAZDA,TRIBUTE
MAZDA,XEDOS 6
MAZDA,XEDOS 9
MCLAREN,MCLAREN 540C COUPE
MCLAREN,MCLAREN 570GT COUPE
MCLAREN,MCLAREN 570S COUPE
MCLAREN,MCLAREN 570S SPIDER
MCLAREN,MCLAREN 650S COUPE
MCLAREN,MCLAREN 650S SPIDER
MCLAREN,MCLAREN 675LT COUPE
MCLAREN,MCLAREN 675LT SPIDER
MCLAREN,MCLAREN 720S COUPE
MCLAREN,MCLAREN MP4 COUPE
MCLAREN,MCLAREN MP4 SPIDER
MEGA,BREAK
MEGA,CABRIOLET
MEGA,CONCEPT
MEGA,CONCEPT BREAK
MEGA,CONCEPT CABRIOLET
MERCEDES,AMG GT
MERCEDES,AMG GT COUPE
MERCEDES,AMG GT COUPE 4P
MERCEDES,AMG GT ROADSTER
MERCEDES,CABRIOLET CLK
MERCEDES,CITAN
MERCEDES,CITAN FOURGON
MERCEDES,CITAN MIXTO
MERCEDES,CITAN TOURER
MERCEDES,CITAN TOURER PROFESSIONNEL
MERCEDES,CLASSE A
MERCEDES,CLASSE A BERLINE
MERCEDES,CLASSE A BERLINE BUSINESS
MERCEDES,CLASSE A BUSINESS
MERCEDES,CLASSE A FAMILY
MERCEDES,CLASSE B
MERCEDES,CLASSE B BUSINESS
MERCEDES,CLASSE C
MERCEDES,CLASSE C BREAK
MERCEDES,CLASSE C BREAK BUSINESS
MERCEDES,CLASSE C BREAK T 202
MERCEDES,CLASSE C BUSINESS
MERCEDES,CLASSE C CABRIOLET
MERCEDES,CLASSE C COUPE
MERCEDES,CLASSE C COUPE BUSINESS
MERCEDES,CLASSE C COUPE SPORT
MERCEDES,CLASSE C STATION WAGON
MERCEDES,CLASSE C W 202
MERCEDES,CLASSE C W 203
MERCEDES,CLASSE CL
MERCEDES,CLASSE CL COUPE C 215
MERCEDES,CLASSE CLA
MERCEDES,CLASSE CLA BUSINESS
MERCEDES,CLASSE CLA COUPE
MERCEDES,CLASSE CLA COUPE BUSINESS
MERCEDES,CLASSE CLA SHOOTING BRAKE
MERCEDES,CLASSE CLA SHOOTING BRAKE BUSINESS
MERCEDES,CLASSE CLC
MERCEDES,CLASSE CLK CABRIOLET
MERCEDES,CLASSE CLK CABRIOLET C 208
MERCEDES,CLASSE CLK COUPE
MERCEDES,CLASSE CLK COUPE 208
MERCEDES,CLASSE CLK COUPE 209
MERCEDES,CLASSE CLS
MERCEDES,CLASSE CLS COUPE
MERCEDES,CLASSE CLS SHOOTING BRAKE
MERCEDES,CLASSE E
MERCEDES,CLASSE E BREAK
MERCEDES,CLASSE E BREAK BUSINESS
MERCEDES,CLASSE E BREAK T 210
MERCEDES,CLASSE E BUSINESS
MERCEDES,CLASSE E CABRIOLET
MERCEDES,CLASSE E COUPE
MERCEDES,CLASSE E W 210
MERCEDES,CLASSE G
MERCEDES,CLASSE G CHASSIS CAB
MERCEDES,CLASSE G FOURGON
MERCEDES,CLASSE G PRESTIGE FGN
MERCEDES,CLASSE GL
MERCEDES,CLASSE GLA
MERCEDES,CLASSE GLA BUSINESS
MERCEDES,CLASSE GLC
MERCEDES,CLASSE GLC BUSINESS
MERCEDES,CLASSE GLC COUPE
MERCEDES,CLASSE GLC COUPE BUSINESS
MERCEDES,CLASSE GLE
MERCEDES,CLASSE GLE COUPE
MERCEDES,CLASSE GLK
MERCEDES,CLASSE GLK BUSINESS
MERCEDES,CLASSE GLS
MERCEDES,CLASSE M
MERCEDES,CLASSE M N1
MERCEDES,CLASSE R
MERCEDES,CLASSE S
MERCEDES,CLASSE S  W 140
MERCEDES,CLASSE S CABRIOLET
MERCEDES,CLASSE S COUPE
MERCEDES,CLASSE S W 220
MERCEDES,CLASSE SL
MERCEDES,CLASSE SL ROADSTER
MERCEDES,CLASSE SL ROADSTER R129
MERCEDES,CLASSE SLC
MERCEDES,CLASSE SLK R 170
MERCEDES,CLASSE V
MERCEDES,CLASSE V BUSINESS
MERCEDES,CLASSE X
MERCEDES,COUPE CLK C 208
MERCEDES,EQC
MERCEDES,GLB
MERCEDES,GLS
MERCEDES,MARCO POLO
MERCEDES,SLK
MERCEDES,SLR
MERCEDES,SLS AMG
MERCEDES,SPRINTER CC
MERCEDES,SPRINTER CC BENNE
MERCEDES,SPRINTER CDC BENNE
MERCEDES,SPRINTER CHASSIS CABINE
MERCEDES,SPRINTER CHASSIS DOUBLE CABINE
MERCEDES,SPRINTER COMBI
MERCEDES,SPRINTER FOURGON
MERCEDES,VANEO
MERCEDES,VANEO BUSINESS
MERCEDES,VARIO PLUS CHASSIS CAB
MERCEDES,VIANO
MERCEDES,VITO
MERCEDES,VITO F
MERCEDES,VITO FOURGON
MERCEDES,VITO MARCO POLO
MERCEDES,VITO MIXTO
MERCEDES,VITO TOURER
MG,MG TF
MG,MG ZR
MG,MG ZS
MG,MG ZT
MG,MG ZT-T
MG,MGF
MIA,MIA
MIA,MIA U
MINI,MINI
MINI,MINI CABRIOLET
MINI,MINI CABRIOLET F57
MINI,MINI CABRIOLET F57 LCI
MINI,MINI CABRIOLET R52
MINI,MINI CABRIOLET R57
MINI,MINI CLUBMAN F54
MINI,MINI CLUBMAN F54 LCI
MINI,MINI CLUBMAN R55
MINI,MINI CLUBMAN R55 SOCIETE
MINI,MINI CLUBVAN R55
MINI,MINI COUNTRYMAN F60
MINI,MINI COUNTRYMAN R60
MINI,MINI COUNTRYMAN R60 SOCIETE
MINI,MINI COUPE R58
MINI,MINI ELECTRIC F56 BEV
MINI,MINI F55
MINI,MINI F55 LCI
MINI,MINI F56
MINI,MINI F56 LCI
MINI,MINI PACEMAN R61
MINI,MINI PACEMAN R61 SOCIETE
MINI,MINI R56
MINI,MINI R56 SOCIETE
MINI,MINI ROADSTER R59
MITSUBISHI,ASX
MITSUBISHI,ASX MY19
MITSUBISHI,ASX MY20
MITSUBISHI,CANTER CHASSIS CABINE
MITSUBISHI,CANTER CHASSIS DOUBLE CAB
MITSUBISHI,CANTER CHASSIS DOUBLE CABINE
MITSUBISHI,CANTER CLASSIC CHASSIS CABINE
MITSUBISHI,CANTER CLASSIC CHASSIS DOUBLE CABINE
MITSUBISHI,CANTER SMALL CHASSIS CABINE
MITSUBISHI,CANTER SMALL CHASSIS DOUBLE CABINE
MITSUBISHI,CARISMA
MITSUBISHI,COLT
MITSUBISHI,COLT CZ3
MITSUBISHI,COLT CZC
MITSUBISHI,COLT CZT
MITSUBISHI,ECLIPSE CROSS
MITSUBISHI,ECLIPSE CROSS MY20
MITSUBISHI,GRANDIS
MITSUBISHI,I-MIEV
MITSUBISHI,L200
MITSUBISHI,L200 CHASSIS CABINE
MITSUBISHI,L200 CHASSIS CABINE MY19
MITSUBISHI,L200 CLUB CAB
MITSUBISHI,L200 CLUB CAB MY19
MITSUBISHI,L200 CLUB CAB MY20
MITSUBISHI,L200 DOUBLE CAB MY20
MITSUBISHI,L200 DOUBLE CABINE
MITSUBISHI,L200 DOUBLE CABINE MY19
MITSUBISHI,LANCER
MITSUBISHI,LANCER EVOLUTION
MITSUBISHI,LANCER EVOLUTION IX
MITSUBISHI,LANCER EVOLUTION VIII
MITSUBISHI,LANCER SPORTBACK
MITSUBISHI,MONTERO
MITSUBISHI,OUTLANDER
MITSUBISHI,PAJERO
MITSUBISHI,PAJERO COURT
MITSUBISHI,PAJERO COURT 17MY
MITSUBISHI,PAJERO LONG
MITSUBISHI,PAJERO LONG 17MY
MITSUBISHI,PAJERO PININ
MITSUBISHI,PAJERO SPORT
MITSUBISHI,SPACE RUNNER
MITSUBISHI,SPACE STAR
MITSUBISHI,SPACE STAR MY19
MITSUBISHI,SPACE WAGON
MORGAN,4/4/2020
MORGAN,PLUS 4
MORGAN,PLUS 8
MORGAN,V6
NISSAN,200 SX
NISSAN,350 Z COUPE
NISSAN,350 Z ROADSTER
NISSAN,350Z COUPE
NISSAN,370Z COUPE
NISSAN,370Z COUPE 2018
NISSAN,370Z COUPE 2020
NISSAN,370Z ROADSTER
NISSAN,370Z ROADSTER 2018
NISSAN,ALMERA
NISSAN,ALMERA ENTREPRISE
NISSAN,ALMERA SEDAN
NISSAN,ALMERA TINO
NISSAN,ATLEON CHASSIS CABINE
NISSAN,ATLEON TK04
NISSAN,CABSTAR CHASSIS CABINE
NISSAN,CABSTAR CHASSIS DOUBLE CABINE
NISSAN,CABSTAR E CHASSIS CAB
NISSAN,CABSTAR E CHASSIS DBLE CAB
NISSAN,CABSTAR NT400 CHASSIS CABINE
NISSAN,CABSTAR NT400 CHASSIS DOUBLE CABINE
NISSAN,CABSTAR TL04
NISSAN,CABSTAR TL04 DOUBLE CABINE
NISSAN,CUBE
NISSAN,ECO T 100 CHASSIS CAB
NISSAN,E-NV200 EVALIA
NISSAN,E-NV200 EVALIA 2018
NISSAN,E-NV200 EVALIA FLEX
NISSAN,E-NV200 FLEX FOURGON
NISSAN,E-NV200 FLEX FOURGON 2017
NISSAN,E-NV200 FOURGON
NISSAN,E-NV200 FOURGON 2017
NISSAN,EVALIA
NISSAN,GT-R
NISSAN,GT-R 2020
NISSAN,INTERSTAR
NISSAN,INTERSTAR CHASSIS CABINE
NISSAN,INTERSTAR COMBI
NISSAN,INTERSTAR FOURGON
NISSAN,INTERSTAR MINIBUS
NISSAN,JUKE
NISSAN,JUKE BUSINESS
NISSAN,JUKE ENT BUSINESS
NISSAN,JUKE ENTREPRISE
NISSAN,KUBISTAR
NISSAN,LEAF
NISSAN,LEAF 2017
NISSAN,LEAF 2019
NISSAN,LEAF BUSINESS 2017
NISSAN,LEAF ENTREPRISE
NISSAN,LEAF FLEX
NISSAN,LEAF FLEX  BUSINESS 2017
NISSAN,LEAF FLEX 2017
NISSAN,LEAF FLEX ENTREPRISE
NISSAN,MAXIMA
NISSAN,MICRA
NISSAN,MICRA 2017
NISSAN,MICRA 2018
NISSAN,MICRA 2019
NISSAN,MICRA 2019 EVAPO
NISSAN,MICRA BUSINESS 2017
NISSAN,MICRA BUSINESS 2018
NISSAN,MICRA BUSINESS 2019
NISSAN,MICRA BUSINESS 2019 EVAPO (06/2019)
NISSAN,MICRA C+C
NISSAN,MICRA COMMERCIALE
NISSAN,MICRA ENTREPRISE
NISSAN,MURANO
NISSAN,MURANO ENTREPRISE
NISSAN,NAVARA
NISSAN,NAVARA 2019 EURO6D-TEMP
NISSAN,NOTE
NISSAN,NOTE BUSINESS
NISSAN,NOTE ENTREPRISE
NISSAN,NOTE ENTREPRISE BUSINESS
NISSAN,NP300 NAVARA
NISSAN,NP300 NAVARA 2018
NISSAN,NP300 PICK UP
NISSAN,NT400 CHASSIS CABINE
NISSAN,NT400 CHASSIS DOUBLE CABINE
NISSAN,NT500 CHASSIS CABINE
NISSAN,NV200 COMBI
NISSAN,NV200 FOURGON
NISSAN,NV200 FRIGO
NISSAN,NV250 FOURGON
NISSAN,NV300 CABINE APPROFONDIE
NISSAN,NV300 CABINE APPROFONDIE EURO 6D-TEMP
NISSAN,NV300 COMBI
NISSAN,NV300 FOURGON
NISSAN,NV300 FOURGON 2019 EURO 6D-TEMP
NISSAN,NV300 PLANCHER CABINE
NISSAN,NV300 PLANCHER CABINE EURO 6D-TEMP
NISSAN,NV400 CABINE APPROFONDIE
NISSAN,NV400 CABINE APPROFONDIE 2019
NISSAN,NV400 CHASSIS CABINE
NISSAN,NV400 CHASSIS CABINE + BENNE
NISSAN,NV400 CHASSIS CABINE + BENNE 2019
NISSAN,NV400 CHASSIS CABINE + CAISSE 20M3
NISSAN,NV400 CHASSIS CABINE + CAISSE 20M3 2019
NISSAN,NV400 CHASSIS CABINE 2019
NISSAN,NV400 CHASSIS DOUBLE CABINE
NISSAN,NV400 CHASSIS DOUBLE CABINE + BENNE
NISSAN,NV400 CHASSIS DOUBLE CABINE 2019
NISSAN,NV400 COMBI
NISSAN,NV400 FOURGON
NISSAN,NV400 FOURGON 2019
NISSAN,NV400 PLANCHER CABINE
NISSAN,NV400 PLANCHER CABINE 2019
NISSAN,PATHFINDER
NISSAN,PATHFINDER ENTREPRISE
NISSAN,PATROL
NISSAN,PATROL ENTREPRISE
NISSAN,PATROL GR
NISSAN,PATROL PICK UP
NISSAN,PICK UP
NISSAN,PICK UP DBL
NISSAN,PICK UP II
NISSAN,PIXO
NISSAN,PIXO ENTREPRISE
NISSAN,PRIMASTAR
NISSAN,PRIMASTAR AVANTOUR
NISSAN,PRIMASTAR COMBI
NISSAN,PRIMASTAR FOURGON
NISSAN,PRIMERA
NISSAN,PRIMERA BREAK
NISSAN,PRIMERA BREAK COMM
NISSAN,PRIMERA BREAK ENTREPRISE
NISSAN,PRIMERA COMMERCIALE
NISSAN,PULSAR
NISSAN,PULSAR 2017
NISSAN,PULSAR BUSINESS
NISSAN,QASHQAI
NISSAN,QASHQAI 2019
NISSAN,QASHQAI 2019 EVAPO
NISSAN,QASHQAI BUSINESS
NISSAN,QASHQAI ENTREPRISE
NISSAN,QASHQAI ENTREPRISE BUSINESS
NISSAN,QASHQAI+2
NISSAN,QASHQAI+2 ENTREPRISE
NISSAN,SERENA
NISSAN,TERRANO
NISSAN,TERRANO ENTREPRISE
NISSAN,TERRANO II
NISSAN,TINO
NISSAN,TINO ENTREPRISE
NISSAN,TRADE 100 CHASSIS CAB
NISSAN,TRADE 100 FOURGON
NISSAN,TRADE 75 FOURGON
NISSAN,VANETTE CARGO
NISSAN,VANETTE E FOURGON
NISSAN,X TRAIL
NISSAN,X-TRAIL
NISSAN,X-TRAIL BUSINESS
NISSAN,X-TRAIL COLUMBIA
NISSAN,X-TRAIL COLUMBIA ENTREPRISE
NISSAN,X-TRAIL ENTREPRISE
NOSMOKE,NOSMOKE
OPEL,ADAM
OPEL,ADAM ROCKS
OPEL,ADAM ROCKS S
OPEL,ADAM S
OPEL,AGILA
OPEL,AMPERA
OPEL,ANTARA
OPEL,ASTRA
OPEL,ASTRA AFFAIRE BREAK
OPEL,ASTRA AFFAIRES
OPEL,ASTRA AFFAIRES BREAK
OPEL,ASTRA AFFAIRES GTC
OPEL,ASTRA AFFAIRES SPORTS TOURER
OPEL,ASTRA BERLINE
OPEL,ASTRA BERLINE BUSINESS
OPEL,ASTRA BREAK
OPEL,ASTRA BUSINESS
OPEL,ASTRA CAB
OPEL,ASTRA CABRIOLET
OPEL,ASTRA COUPE
OPEL,ASTRA DELVAN
OPEL,ASTRA GTC
OPEL,ASTRA OPC
OPEL,ASTRA SPORTS TOURER
OPEL,ASTRA SPORTS TOURER BUSINESS
OPEL,ASTRA TWINTOP
OPEL,ASTRA VAN
OPEL,CAMPO PICK UP
OPEL,CASCADA
OPEL,COMBO
OPEL,COMBO CABINE APPROFONDIE
OPEL,COMBO CARGO
OPEL,COMBO LIFE
OPEL,COMBO TOUR
OPEL,CORSA
OPEL,CORSA AFFAIRES
OPEL,CORSA BUSINESS
OPEL,CROSSLAND X
OPEL,CROSSLAND X BUSINESS
OPEL,FRONTERA
OPEL,FRONTERA COURT
OPEL,FRONTERA LONG
OPEL,GRANDLAND X
OPEL,GRANDLAND X BUSINESS
OPEL,GT
OPEL,GTC
OPEL,INSIGNIA
OPEL,INSIGNIA BUSINESS
OPEL,INSIGNIA COUNTRY TOURER
OPEL,INSIGNIA GRAND SPORT
OPEL,INSIGNIA GRAND SPORT BUSINESS
OPEL,INSIGNIA SPORTS TOURER
OPEL,INSIGNIA SPORTS TOURER BUSINESS
OPEL,INSIGNIA SPORTS TOURER OPC
OPEL,KARL
OPEL,MERIVA
OPEL,MERIVA AFFAIRES
OPEL,MERIVA BUSINESS
OPEL,MOKKA
OPEL,MOKKA BUSINESS
OPEL,MOKKA X
OPEL,MOKKA X BUSINESS
OPEL,MOVANO CABINE APPROFONDIE
OPEL,MOVANO CHASSIS CAB
OPEL,MOVANO CHASSIS CABINE
OPEL,MOVANO CHASSIS CABINE BENNE
OPEL,MOVANO CHASSIS DBLE CAB
OPEL,MOVANO CHASSIS DBLE CABINE
OPEL,MOVANO CHASSIS DOUBLE CABINE
OPEL,MOVANO CHASSIS DOUBLE CABINE BENNE
OPEL,MOVANO COMBI
OPEL,MOVANO FOURGON
OPEL,MOVANO GRAND VOLUME
OPEL,MOVANO PLANCHER CAB
OPEL,MOVANO PLANCHER CABINE
OPEL,MOVANO PLATEAU CABINE RIDELLES
OPEL,MOVANO PLATEAU DOUBLE CABINE RIDELLES
OPEL,OMEGA
OPEL,OMEGA BREAK
OPEL,SIGNUM
OPEL,SINTRA
OPEL,SPEEDSTER
OPEL,TIGRA
OPEL,TIGRA TWINTOP
OPEL,VECTRA
OPEL,VECTRA BREAK
OPEL,VECTRA GTS
OPEL,VIVARO
OPEL,VIVARO CABINE APPROFONDIE
OPEL,VIVARO COMBI
OPEL,VIVARO COMBI BUSINESS
OPEL,VIVARO FOURGON
OPEL,VIVARO PLANCHER CABINE
OPEL,VIVARO TOUR
OPEL,VIVARO TOURER
OPEL,ZAFIRA
OPEL,ZAFIRA BUSINESS
OPEL,ZAFIRA LIFE
OPEL,ZAFIRA LIFE BUSINESS
OPEL,ZAFIRA TOURER
OPEL,ZAFIRA TOURER BUSINESS
PEUGEOT,106
PEUGEOT,107
PEUGEOT,108
PEUGEOT,205
PEUGEOT,206
PEUGEOT,207
PEUGEOT,208
PEUGEOT,306
PEUGEOT,307
PEUGEOT,308
PEUGEOT,406
PEUGEOT,407
PEUGEOT,508
PEUGEOT,605
PEUGEOT,607
PEUGEOT,806
PEUGEOT,807
PEUGEOT,1007
PEUGEOT,2008
PEUGEOT,3008
PEUGEOT,4007
PEUGEOT,4008
PEUGEOT,5008
PEUGEOT,2008 BUSINESS
PEUGEOT,2008 BUSINESS NOUVEAU
PEUGEOT,2008 NOUVEAU
PEUGEOT,205 COMMERCIALE
PEUGEOT,206 AFFAIRE
PEUGEOT,206 CC
PEUGEOT,206 SW
PEUGEOT,206+
PEUGEOT,206+ AFFAIRE
PEUGEOT,207 AFFAIRE
PEUGEOT,207 AUTO-ECOLE
PEUGEOT,207 BUSINESS
PEUGEOT,207 CC
PEUGEOT,207 SW
PEUGEOT,207 SW AUTO-ECOLE
PEUGEOT,207 SW BUSINESS
PEUGEOT,207+
PEUGEOT,208 AFFAIRE
PEUGEOT,208 BUSINESS
PEUGEOT,208 BUSINESS NOUVELLE
PEUGEOT,208 BUSINESS R'
PEUGEOT,208 BUSINESS R NOUVELLE
PEUGEOT,208 NOUVELLE
PEUGEOT,3008 BUSINESS
PEUGEOT,3008 BUSINESS R'
PEUGEOT,3008 BUSINESS VU N1
PEUGEOT,3008 HYBRID4
PEUGEOT,306 AFFAIRE
PEUGEOT,306 BREAK
PEUGEOT,306 CABRIOLET
PEUGEOT,307 AFFAIRE
PEUGEOT,307 BREAK
PEUGEOT,307 CC
PEUGEOT,307 SW
PEUGEOT,308 AFFAIRE
PEUGEOT,308 AUTO-ECOLE
PEUGEOT,308 BUSINESS
PEUGEOT,308 BUSINESS R'
PEUGEOT,308 CC
PEUGEOT,308 SW
PEUGEOT,308 SW BUSINESS
PEUGEOT,308 SW BUSINESS R'
PEUGEOT,406 BREAK
PEUGEOT,406 COUPE
PEUGEOT,407 BUSINESS
PEUGEOT,407 COUPE
PEUGEOT,407 SW
PEUGEOT,407 SW BUSINESS
PEUGEOT,407 SW BUSINESS VU N1
PEUGEOT,5008 BUSINESS
PEUGEOT,5008 BUSINESS VU N1
PEUGEOT,508 BUSINESS
PEUGEOT,508 HYBRID4
PEUGEOT,508 HYBRID4 BUSINESS
PEUGEOT,508 RXH
PEUGEOT,508 SW
PEUGEOT,508 SW BUSINESS
PEUGEOT,806 AFFAIRE
PEUGEOT,807 AFFAIRE
PEUGEOT,BIPPER
PEUGEOT,BIPPER TEPEE
PEUGEOT,BOXER CABINE APPROFONDIE
PEUGEOT,BOXER CHASSIS CAB
PEUGEOT,BOXER CHASSIS CABINE
PEUGEOT,BOXER CHASSIS CABINE BENNE
PEUGEOT,BOXER CHASSIS DBLE CAB
PEUGEOT,BOXER CHASSIS DBLE CABINE
PEUGEOT,BOXER CHASSIS DOUBLE CABINE
PEUGEOT,BOXER COMBI
PEUGEOT,BOXER FGN
PEUGEOT,BOXER FOURGON
PEUGEOT,BOXER MINIBUS
PEUGEOT,BOXER PLANCHER CAB
PEUGEOT,BOXER PLANCHER CABINE
PEUGEOT,BOXER PLATEAU CAB
PEUGEOT,BOXER PLATEAU CABINE
PEUGEOT,BOXER PLATEAU DBLE CAB
PEUGEOT,BOXER PLATEAU DBLE CABINE
PEUGEOT,BOXER PLATEAU DOUBLE CABINE
PEUGEOT,e-PARTNER FOURGON
PEUGEOT,e-PARTNER TEPEE
PEUGEOT,EXPERT CABINE APPROFONDIE
PEUGEOT,EXPERT COMBI
PEUGEOT,EXPERT FGN
PEUGEOT,EXPERT FOURGON
PEUGEOT,EXPERT PLANCHER CAB
PEUGEOT,EXPERT PLANCHER CABINE
PEUGEOT,EXPERT TEPEE
PEUGEOT,ION
PEUGEOT,PARTNER CABINE APPROFONDIE
PEUGEOT,PARTNER COMBI
PEUGEOT,PARTNER COMBISPACE BREAK
PEUGEOT,PARTNER FGN
PEUGEOT,PARTNER FOURGON
PEUGEOT,PARTNER FOURGON ELECTRIC
PEUGEOT,PARTNER PLANCHER CABINE
PEUGEOT,PARTNER TEPEE
PEUGEOT,PARTNER TEPEE ELECTRIC
PEUGEOT,RCZ
PEUGEOT,RIFTER
PEUGEOT,TRAVELLER
PEUGEOT,TRAVELLER BUSINESS
PGO,180 Cévennes
PGO,CEVENNES
PGO,HEMERA
PGO,SPEEDSTER II
PIAGGIO,PORTER
PONTIAC,TRANS SPORT
PORSCHE,718 BOXSTER
PORSCHE,718 CAYMAN
PORSCHE,718 CAYMAN GT4
PORSCHE,718 SPYDER
PORSCHE,911 CARRERA 4 CABRIOLET 996
PORSCHE,911 CARRERA 4 CABRIOLET 997
PORSCHE,911 CARRERA 4 COUPE 996
PORSCHE,911 CARRERA 4 COUPE 997
PORSCHE,911 CARRERA 4 GTS
PORSCHE,911 CARRERA CABRIOLET
PORSCHE,911 CARRERA CABRIOLET 992
PORSCHE,911 CARRERA CABRIOLET 996
PORSCHE,911 CARRERA CABRIOLET 997
PORSCHE,911 CARRERA COUPE
PORSCHE,911 CARRERA COUPE 992
PORSCHE,911 CARRERA COUPE 996
PORSCHE,911 CARRERA COUPE 997
PORSCHE,911 CARRERA GTS
PORSCHE,911 CARRERA T
PORSCHE,911 GT2
PORSCHE,911 GT2 RS
PORSCHE,911 GT3
PORSCHE,911 GT3 RS
PORSCHE,911 R
PORSCHE,911 SPEEDSTER
PORSCHE,911 SPORT CLASSIC
PORSCHE,911 TARGA
PORSCHE,911 TURBO CAB.
PORSCHE,911 TURBO CABRIOLET
PORSCHE,911 TURBO COUPE
PORSCHE,911 TURBO COUPE 997
PORSCHE,918 SPYDER
PORSCHE,BOXSTER
PORSCHE,BOXSTER SPYDER
PORSCHE,CARRERA GT
PORSCHE,CAYENNE
PORSCHE,CAYENNE COUPE
PORSCHE,CAYENNE N1
PORSCHE,CAYMAN
PORSCHE,MACAN
PORSCHE,PANAMERA
PORSCHE,PANAMERA GTS
PORSCHE,TAYCAN
RENAULT,ALASKAN
RENAULT,AVANTIME
RENAULT,CAPTUR
RENAULT,CAPTUR BUSINESS
RENAULT,CAPTUR NOUVEAU
RENAULT,CLIO
RENAULT,CLIO CAMPUS
RENAULT,CLIO CAMPUS EVOLUTION SOCIETE
RENAULT,CLIO CAMPUS SOCIETE
RENAULT,CLIO ESTATE
RENAULT,CLIO ESTATE III
RENAULT,CLIO II SOCIETE
RENAULT,CLIO III
RENAULT,CLIO III BUSINESS
RENAULT,CLIO III ESTATE BUSINESS
RENAULT,CLIO III SOCIETE
RENAULT,CLIO IV
RENAULT,CLIO IV BUSINESS
RENAULT,CLIO IV ESTATE
RENAULT,CLIO IV ESTATE BUSINESS
RENAULT,CLIO IV SOCIETE
RENAULT,CLIO SOCIETE
RENAULT,CLIO SOCIETE GENERATION 2004
RENAULT,CLIO V
RENAULT,CLIO V SOCIETE
RENAULT,ESPACE III
RENAULT,ESPACE IV
RENAULT,ESPACE PRO
RENAULT,ESPACE V
RENAULT,EXPRESS FOURGON
RENAULT,EXPRESS PICK UP
RENAULT,FLUENCE
RENAULT,FLUENCE BUSINESS
RENAULT,FLUENCE Z.E.
RENAULT,GRAND ESPACE III
RENAULT,GRAND ESPACE IV
RENAULT,GRAND ESPACE PRO
RENAULT,GRAND KANGOO
RENAULT,GRAND MODUS
RENAULT,GRAND SCENIC II
RENAULT,GRAND SCENIC III
RENAULT,GRAND SCENIC III BUSINESS
RENAULT,GRAND SCENIC III PRO
RENAULT,GRAND SCENIC IV
RENAULT,GRAND SCENIC IV BUSINESS
RENAULT,KADJAR
RENAULT,KADJAR BUSINESS
RENAULT,KANGOO
RENAULT,KANGOO BE BOP
RENAULT,KANGOO EXPRESS
RENAULT,KANGOO EXPRESS Z.E.
RENAULT,KANGOO EXPRESS ZE
RENAULT,KANGOO PRO
RENAULT,KOLEOS
RENAULT,LAGUNA
RENAULT,LAGUNA BUSINESS
RENAULT,LAGUNA COUPE
RENAULT,LAGUNA ESTATE
RENAULT,LAGUNA ESTATE BUSINESS
RENAULT,LAGUNA ESTATE EVOLUTION
RENAULT,LAGUNA ESTATE III
RENAULT,LAGUNA ESTATE PRO
RENAULT,LAGUNA EVOLUTION
RENAULT,LAGUNA III
RENAULT,LAGUNA III BERLINE BUSINESS
RENAULT,LAGUNA III ESTATE BUSINESS
RENAULT,LAGUNA NEVADA
RENAULT,LAGUNA PRO
RENAULT,LATITUDE
RENAULT,LATITUDE BUSINESS
RENAULT,MASTER CABINE APPROFONDIE
RENAULT,MASTER CHASSIS CAB
RENAULT,MASTER CHASSIS CABINE
RENAULT,MASTER CHASSIS DBLE CAB
RENAULT,MASTER CHASSIS NU
RENAULT,MASTER CHASSIS-NU
RENAULT,MASTER COMBI
RENAULT,MASTER COMBI III
RENAULT,MASTER FOURGON
RENAULT,MASTER GENERIQUE
RENAULT,MASTER MINIBUS
RENAULT,MASTER PLANCHER CAB
RENAULT,MASTER PLANCHER CABINE
RENAULT,MASTER PROP BENNE DBLE CAB
RENAULT,MASTER PROP CHASSIS DBLE CAB
RENAULT,MASTER PROPULSION
RENAULT,MASTER PROPULSION BENNE
RENAULT,MASTER PROPULSION CCAB
RENAULT,MASTER TRANSPORTS SPECIFIQUES
RENAULT,MASTER Z.E.
RENAULT,MASTER Z.E. FOURGON
RENAULT,MASTER Z.E. PLANCHER CABINE
RENAULT,MEGANE
RENAULT,MEGANE BREAK
RENAULT,MEGANE BREAK EVOL
RENAULT,MEGANE CAB
RENAULT,MEGANE CAB EVOLUTION
RENAULT,MEGANE CABRIOLET
RENAULT,MEGANE CLASSIC
RENAULT,MEGANE CLASSIC EVOL
RENAULT,MEGANE COMMERCIALE
RENAULT,MEGANE COUPE
RENAULT,MEGANE COUPE EVOLUTION
RENAULT,MEGANE ESTATE PRO
RENAULT,MEGANE EVOL SOCIETE
RENAULT,MEGANE EVOLUTION
RENAULT,MEGANE II
RENAULT,MEGANE II 4 PORTES
RENAULT,MEGANE II BERLINE
RENAULT,MEGANE II CC
RENAULT,MEGANE II COUPE
RENAULT,MEGANE II ESTATE
RENAULT,MEGANE II SOCIETE
RENAULT,MEGANE III BERLINE
RENAULT,MEGANE III BERLINE BUSINESS
RENAULT,MEGANE III CC
RENAULT,MEGANE III COUPE
RENAULT,MEGANE III ESTATE
RENAULT,MEGANE III ESTATE BUSINESS
RENAULT,MEGANE III SOCIETE
RENAULT,MEGANE IV BERLINE
RENAULT,MEGANE IV BERLINE BUSINESS
RENAULT,MEGANE IV ESTATE
RENAULT,MEGANE IV ESTATE BUSINESS
RENAULT,MEGANE IV SOCIETE
RENAULT,MEGANE PRO
RENAULT,MEGANE SCENIC
RENAULT,MEGANE SCENIC SOC
RENAULT,MEGANE SOCIETE
RENAULT,MODUS
RENAULT,MODUS SOCIETE
RENAULT,SAFRANE
RENAULT,SCENIC
RENAULT,SCENIC EVOLUTION
RENAULT,SCENIC II
RENAULT,SCENIC III
RENAULT,SCENIC III BUSINESS
RENAULT,SCENIC III PRO
RENAULT,SCENIC IV
RENAULT,SCENIC IV BUSINESS
RENAULT,SCENIC XMOD
RENAULT,SCENIC XMOD BUSINESS
RENAULT,SPIDER
RENAULT,TALISMAN
RENAULT,TALISMAN BUSINESS
RENAULT,TALISMAN ESTATE
RENAULT,TALISMAN ESTATE BUSINESS
RENAULT,TRAFIC CABINE APPROFONDIE
RENAULT,TRAFIC CC PHASE 4
RENAULT,TRAFIC CHASSIS DBLE CAB PH4
RENAULT,TRAFIC COMBI
RENAULT,TRAFIC FOURGON
RENAULT,TRAFIC FOURGON PH 4
RENAULT,TRAFIC GENERATION
RENAULT,TRAFIC ISOTHERME
RENAULT,TRAFIC MICROBUS
RENAULT,TRAFIC NAVETTE
RENAULT,TRAFIC PASSENGER
RENAULT,TRAFIC PASSENGER PRO
RENAULT,TRAFIC PLANCHER CAB
RENAULT,TRAFIC PLANCHER CABINE
RENAULT,TWINGO
RENAULT,TWINGO II
RENAULT,TWINGO III
RENAULT,TWINGO SOCIETE
RENAULT,TWIZY
RENAULT,TWIZY CARGO
RENAULT,VEL SATIS
RENAULT,WIND
RENAULT,ZOE
RENAULT,ZOE NOUVELLE
RENAULT TRUCKS,MASCOTT BENNE AMOVIBLE
RENAULT TRUCKS,MASCOTT BTP
RENAULT TRUCKS,MASCOTT BTP DOUBLE CABINE
RENAULT TRUCKS,MASCOTT BTP PLAT RIDELLE DBLE CAB
RENAULT TRUCKS,MASCOTT CASTOR
RENAULT TRUCKS,MASCOTT CASTOR + COFFRE
RENAULT TRUCKS,MASCOTT CASTOR DOUBLE CABINE
RENAULT TRUCKS,MASCOTT CHASSIS CABINE
RENAULT TRUCKS,MASCOTT CHASSIS DBLE CAB
RENAULT TRUCKS,MASCOTT CHASSIS DOUBLE CABINE
RENAULT TRUCKS,MASCOTT FOURGON
RENAULT TRUCKS,MASTER BENNE
RENAULT TRUCKS,MASTER BENNE DBLE CABINE
RENAULT TRUCKS,MASTER CHASSIS CABINE
RENAULT TRUCKS,MASTER CHASSIS DBLE CABINE
RENAULT TRUCKS,MASTER CHASSIS NU
RENAULT TRUCKS,MASTER COMBI
RENAULT TRUCKS,MASTER FOURGON
RENAULT TRUCKS,MASTER MINIBUS
RENAULT TRUCKS,MASTER PLANCHER CABINE
RENAULT TRUCKS,MAXITY
RENAULT TRUCKS,MAXITY BENNE
RENAULT TRUCKS,MAXITY BENNE + COFFRE
RENAULT TRUCKS,MAXITY BENNE DBLE CAB
RENAULT TRUCKS,MAXITY CHASSIS DBLE CABINE
RENAULT TRUCKS,MESSENGER EURO 2  FGN
RENAULT TRUCKS,MESSENGER EURO 2 CHASSIS CAB
ROLLS-ROYCE,CORNICHE CABRIOLET
ROLLS-ROYCE,GHOST
ROLLS-ROYCE,PACK WARD
ROLLS-ROYCE,PHANTOM
ROLLS-ROYCE,PHANTOM CONVERTIBLE
ROLLS-ROYCE,PHANTOM COUPE
ROLLS-ROYCE,PHANTOM COUPE RR3
ROLLS-ROYCE,SILVER SERAPH
ROVER,25
ROVER,45
ROVER,75
ROVER,200
ROVER,400
ROVER,600
ROVER,75 TOURER
ROVER,DEFENDER 110
ROVER,DEFENDER 110 PICK UP
ROVER,DEFENDER 130 PICK UP
ROVER,DEFENDER 90
ROVER,DEFENDER 90 PICK UP
ROVER,DEFENDER CHASSIS CAB
ROVER,DEFENDER FOURGON
ROVER,DEFENDER HARD TOP
ROVER,DEFENDER PICK UP
ROVER,DEFENDER PICK UP DBLE CAB
ROVER,DISCOVERY
ROVER,MINI
ROVER,STREETWISE
SAAB,3/9/2020
SAAB,5/9/2020
SAAB,9.3X
SAAB,9-3 CABRIOLET
SAAB,9-3 COUPE
SAAB,9-3 SPORT HATCH
SAAB,9-4X
SAAB,9-5 BERLINE
SAAB,9-5 ESTATE
SAAB,9-7X
SANTANA,PS 10
SANTANA,S 300
SANTANA,S 350
SEAT,ALHAMBRA
SEAT,ALHAMBRA BUSINESS
SEAT,ALTEA
SEAT,ALTEA FREETRACK
SEAT,ALTEA XL
SEAT,ARONA
SEAT,ARONA BUSINESS
SEAT,AROSA
SEAT,ATECA
SEAT,ATECA BUSINESS
SEAT,CORDOBA
SEAT,CORDOBA SX COUPE
SEAT,CORDOBA VARIO
SEAT,EXEO
SEAT,EXEO ST
SEAT,IBIZA
SEAT,IBIZA BUSINESS
SEAT,IBIZA SC
SEAT,IBIZA SC BUSINESS
SEAT,IBIZA ST
SEAT,IBIZA ST BUSINESS
SEAT,IBIZA VAN
SEAT,IBIZA VAN BUSINESS
SEAT,INCA
SEAT,LEON
SEAT,LEON BUSINESS
SEAT,LEON SC
SEAT,LEON SC BUSINESS
SEAT,LEON SPORTOURER ST
SEAT,LEON SPORTOURER ST BUSINESS
SEAT,LEON SPORTSTOURER
SEAT,LEON ST
SEAT,LEON ST BUSINESS
SEAT,LEON X-PERIENCE
SEAT,MII
SEAT,MII ELECTRIC
SEAT,TARRACO
SEAT,TOLEDO
SEAT,TOLEDO BUSINESS
SHUANGHUAN,CEO
SKODA,CITIGO
SKODA,CITIGO E IV
SKODA,FABIA
SKODA,FABIA BREAK
SKODA,FABIA COMBI
SKODA,FABIA COMBI N1
SKODA,FABIA N1
SKODA,FABIA SEDAN
SKODA,FELICIA
SKODA,FELICIA BREAK
SKODA,FELICIA FUN PICK UP
SKODA,FELICIA PICK UP
SKODA,KAMIQ
SKODA,KAROQ
SKODA,KODIAQ
SKODA,OCTAVIA
SKODA,OCTAVIA BREAK
SKODA,OCTAVIA COMBI
SKODA,OCTAVIA COMBI 4X4
SKODA,OCTAVIA COMBI 4X4 N1
SKODA,OCTAVIA COMBI N1
SKODA,OCTAVIA N1
SKODA,OCTAVIA TOUR
SKODA,OCTAVIA TOUR COMBI
SKODA,OCTAVIA TOUR COMBI N1
SKODA,OCTAVIA TOUR N1
SKODA,RAPID
SKODA,RAPID SPACEBACK
SKODA,ROOMSTER
SKODA,ROOMSTER N1
SKODA,SCALA
SKODA,SUPERB
SKODA,SUPERB COMBI
SKODA,SUPERB COMBI N1
SKODA,SUPERB N1
SKODA,YETI
SKODA,YETI N1
SMART,FORFOUR
SMART,FORFOUR BUSINESS
SMART,FORTWO BUSINESS
SMART,FORTWO CABRIO
SMART,FORTWO COUPE
SMART,SMART COUPE
SMART,SMART FORFOUR
SMART,SMART FORTWO CABRIO
SMART,SMART FORTWO COUPE
SMART,SMART ROADSTER
SOVAMAG,TC 10 CHASSIS CABINE
SOVAMAG,TC 10 FOURGON
SOVAMAG,TC 10 PICK UP
SOVAMAG,TC 24 CHASSIS CABINE
SSANGYONG,ACTYON
SSANGYONG,ACTYON SPORTS
SSANGYONG,KORANDO
SSANGYONG,KYRON
SSANGYONG,MUSSO
SSANGYONG,MUSSO SPORT PICK-UP DBLE CAB
SSANGYONG,MUSSO SPORTS
SSANGYONG,REXTON
SSANGYONG,REXTON II
SSANGYONG,RODIUS
SSANGYONG,TIVOLI
SSANGYONG,TIVOLI XLV
SUBARU,B9 TRIBECA
SUBARU,BRZ
SUBARU,FORESTER
SUBARU,FORESTER BREAK
SUBARU,FORESTER ENTREPRISE
SUBARU,G3X JUSTY
SUBARU,IMPREZA
SUBARU,IMPREZA BREAK
SUBARU,IMPREZA ENTREPRISE
SUBARU,IMPREZA SW
SUBARU,IMPREZA WRX
SUBARU,JUSTY
SUBARU,LEGACY
SUBARU,LEGACY BREAK
SUBARU,LEGACY SW
SUBARU,LEVORG
SUBARU,OUTBACK
SUBARU,OUTBACK BREAK
SUBARU,TREZIA
SUBARU,TRIBECA
SUBARU,WRX STI
SUBARU,XV
SUZUKI,ALTO
SUZUKI,BALENO
SUZUKI,BALENO BREAK
SUZUKI,CARRY
SUZUKI,CELERIO
SUZUKI,GRAND VITARA
SUZUKI,GRAND VITARA CAB
SUZUKI,GRAND VITARA XL-7
SUZUKI,IGNIS
SUZUKI,JIMNY
SUZUKI,JIMNY CABRIOLET
SUZUKI,KIZASHI
SUZUKI,LIANA
SUZUKI,SAMURAI
SUZUKI,S-CROSS
SUZUKI,SPLASH
SUZUKI,SWIFT
SUZUKI,SWIFT II
SUZUKI,SWIFT III
SUZUKI,SWIFT MY15
SUZUKI,SWIFT SPORT
SUZUKI,SWIFT SPORT MY15
SUZUKI,SX4
SUZUKI,SX4 S-CROSS
SUZUKI,VITARA
SUZUKI,WAGON R
SUZUKI,WAGON R+
SUZUKI,X 90
TATA,TELCOLINE CHASSIS CAB
TATA,TELCOLINE PICK UP
TATA,TELCOSPORT FGN
TESLA,MODEL 3
TESLA,MODEL S
TESLA,MODEL X
TOYOTA,AURIS
TOYOTA,AURIS AFFAIRES
TOYOTA,AURIS AFFAIRES GAMME MY17
TOYOTA,AURIS BUSINESS
TOYOTA,AURIS BUSINESS MY17
TOYOTA,AURIS LCA AFFAIRES
TOYOTA,AURIS MC
TOYOTA,AURIS MY17
TOYOTA,AURIS PRO MY17
TOYOTA,AURIS PRO RC18
TOYOTA,AURIS RC18
TOYOTA,AURIS TOURING SPORTS
TOYOTA,AURIS TOURING SPORTS BUSINESS
TOYOTA,AURIS TOURING SPORTS BUSINESS MY17
TOYOTA,AURIS TOURING SPORTS MY17
TOYOTA,AURIS TOURING SPORTS PRO MY17
TOYOTA,AURIS TOURING SPORTS PRO RC18
TOYOTA,AURIS TOURING SPORTS RC18
TOYOTA,AVENSIS
TOYOTA,AVENSIS BREAK
TOYOTA,AVENSIS BREAK MC
TOYOTA,AVENSIS BUSINESS
TOYOTA,AVENSIS LCA
TOYOTA,AVENSIS LCA BUSINESS
TOYOTA,AVENSIS LCA BUSINESS SW
TOYOTA,AVENSIS LCA SW
TOYOTA,AVENSIS MC
TOYOTA,AVENSIS MC BUSINESS
TOYOTA,AVENSIS MC BUSINESS SW
TOYOTA,AVENSIS MC SW
TOYOTA,AVENSIS PRO
TOYOTA,AVENSIS SW
TOYOTA,AVENSIS TOURING SPORTS
TOYOTA,AVENSIS TOURING SPORTS BUSINESS
TOYOTA,AVENSIS TOURING SPORTS PRO
TOYOTA,AVENSIS VERSO
TOYOTA,AYGO
TOYOTA,AYGO MC
TOYOTA,AYGO MC18
TOYOTA,AYGO MC2 2014
TOYOTA,AYGO MY19
TOYOTA,AYGO PRO MC18
TOYOTA,AYGO PRO MY19
TOYOTA,CAMRY
TOYOTA,CAMRY HYBRIDE
TOYOTA,CAMRY HYBRIDE PRO
TOYOTA,CELICA
TOYOTA,C-HR
TOYOTA,C-HR HYBRIDE
TOYOTA,C-HR HYBRIDE BUSINESS
TOYOTA,C-HR HYBRIDE MC19
TOYOTA,C-HR HYBRIDE PRO MC19
TOYOTA,C-HR HYBRIDE RC18
TOYOTA,C-HR PRO
TOYOTA,C-HR PRO HYBRIDE
TOYOTA,C-HR PRO HYBRIDE RC18
TOYOTA,C-HR PRO RC18
TOYOTA,C-HR RC18
TOYOTA,COROLLA
TOYOTA,COROLLA BREAK
TOYOTA,COROLLA HYBRIDE
TOYOTA,COROLLA HYBRIDE MY20
TOYOTA,COROLLA PRO HYBRIDE
TOYOTA,COROLLA PRO HYBRIDE MY20
TOYOTA,COROLLA TOURING SPORTS HYBRIDE
TOYOTA,COROLLA TOURING SPORTS HYBRIDE MY20
TOYOTA,COROLLA TOURING SPORTS PRO HYBRIDE
TOYOTA,COROLLA TOURING SPORTS PRO HYBRIDE MY20
TOYOTA,COROLLA VERSO
TOYOTA,COROLLA VERSO MC
TOYOTA,DYNA
TOYOTA,DYNA MC
TOYOTA,DYNA RC'11
TOYOTA,GT86
TOYOTA,GT86 LCA
TOYOTA,HIACE
TOYOTA,HIACE COMBI
TOYOTA,HIACE FOURGON
TOYOTA,HILUX - 4x2
TOYOTA,HILUX - 4x4
TOYOTA,HILUX DOUBLE CABINE
TOYOTA,HILUX DOUBLE CABINE MY20
TOYOTA,HILUX DOUBLE CABINE RC19
TOYOTA,HILUX MC'11 DOUBLE CABINE
TOYOTA,HILUX MC'11 SIMPLE CABINE
TOYOTA,HILUX MC'11 X-TRA CABINE
TOYOTA,HILUX PICK UP
TOYOTA,HILUX PICK UP DBLE CAB
TOYOTA,HILUX PICK UP SIMPLE CAB
TOYOTA,HILUX PICK UP X-TRA CAB
TOYOTA,HILUX RC'13 DOUBLE CABINE
TOYOTA,HILUX RC'13 SIMPLE CABINE
TOYOTA,HILUX RC'13 X-TRA CABINE
TOYOTA,HILUX RC2 DOUBLE CABINE
TOYOTA,HILUX RC2 SIMPLE CABINE
TOYOTA,HILUX RC2 X-TRA CABINE
TOYOTA,HILUX SIMPLE CABINE
TOYOTA,HILUX SIMPLE CABINE MY20
TOYOTA,HILUX SIMPLE CABINE RC19
TOYOTA,HILUX X-TRA CABINE
TOYOTA,HILUX X-TRA CABINE MY20
TOYOTA,HILUX X-TRA CABINE RC19
TOYOTA,iQ
TOYOTA,iQ ICONIC
TOYOTA,IQ RC2
TOYOTA,LAND CRUISER
TOYOTA,LAND CRUISER II
TOYOTA,LAND CRUISER MY20
TOYOTA,LAND CRUISER N1
TOYOTA,LAND CRUISER RC18
TOYOTA,LAND CRUISER SW
TOYOTA,LAND CRUISER SW II
TOYOTA,LAND CRUISER SW II MC
TOYOTA,LAND CRUISER SW RC
TOYOTA,MIRAI
TOYOTA,MIRAI PRO
TOYOTA,MR ROADSTER
TOYOTA,PASEO
TOYOTA,PICNIC
TOYOTA,PREVIA
TOYOTA,PRIUS
TOYOTA,PRIUS BUSINESS
TOYOTA,PRIUS HYBRIDE MC19
TOYOTA,PRIUS HYBRIDE MY20
TOYOTA,PRIUS HYBRIDE RC18
TOYOTA,PRIUS HYBRIDE RC19
TOYOTA,PRIUS HYBRIDE RECHARGEABLE
TOYOTA,PRIUS HYBRIDE RECHARGEABLE MC19
TOYOTA,PRIUS HYBRIDE RECHARGEABLE MY20
TOYOTA,PRIUS HYBRIDE RECHARGEABLE RC18
TOYOTA,PRIUS MC
TOYOTA,PRIUS MC BUSINESS
TOYOTA,PRIUS PRO
TOYOTA,PRIUS PRO HYBRIDE MC19
TOYOTA,PRIUS PRO HYBRIDE MY20
TOYOTA,PRIUS PRO HYBRIDE RC18
TOYOTA,PRIUS PRO HYBRIDE RC19
TOYOTA,PRIUS PRO HYBRIDE RECHARGEABLE
TOYOTA,PRIUS PRO HYBRIDE RECHARGEABLE MC19
TOYOTA,PRIUS PRO HYBRIDE RECHARGEABLE MY20
TOYOTA,PRIUS PRO HYBRIDE RECHARGEABLE RC18
TOYOTA,PRIUS RECHARGEABLE
TOYOTA,PRIUS+
TOYOTA,PRIUS+ BUSINESS
TOYOTA,PRIUS+ MY20
TOYOTA,PRIUS+ PRO 2017
TOYOTA,PRIUS+ PRO MY20
TOYOTA,PRIUS+ PRO RC18
TOYOTA,PRIUS+ PRO TSS
TOYOTA,PRIUS+ RC18
TOYOTA,PRIUS+ TSS
TOYOTA,PROACE CABINE APPROFONDIE
TOYOTA,PROACE CABINE APPROFONDIE MY20
TOYOTA,PROACE CABINE APPROFONDIE RC19
TOYOTA,PROACE CITY CABINE APPROFONDIE
TOYOTA,PROACE CITY FOURGON
TOYOTA,PROACE COMBI
TOYOTA,PROACE COMBI MY20
TOYOTA,PROACE COMBI RC18
TOYOTA,PROACE FOURGON
TOYOTA,PROACE FOURGON MY20
TOYOTA,PROACE FOURGON RC19
TOYOTA,PROACE PLANCHER CABINE
TOYOTA,PROACE PLANCHER CABINE MY20
TOYOTA,PROACE PLANCHER CABINE RC19
TOYOTA,PROACE VERSO
TOYOTA,PROACE VERSO MY20
TOYOTA,PROACE VERSO RC18
TOYOTA,RAV4
TOYOTA,RAV4 2018
TOYOTA,RAV4 2018 PRO
TOYOTA,RAV4 BUSINESS
TOYOTA,RAV4 HYBRIDE
TOYOTA,RAV4 HYBRIDE 2018
TOYOTA,RAV4 HYBRIDE 2018 PRO
TOYOTA,RAV4 HYBRIDE BUSINESS
TOYOTA,RAV4 HYBRIDE LCA 2017 PRO
TOYOTA,RAV4 HYBRIDE MY20
TOYOTA,RAV4 HYBRIDE PRO
TOYOTA,RAV4 HYBRIDE PRO MY20
TOYOTA,RAV4 HYBRIDE RC18
TOYOTA,RAV4 HYBRIDE RC18 PRO
TOYOTA,RAV4 III
TOYOTA,RAV4 LCA
TOYOTA,RAV4 LCA PRO
TOYOTA,RAV4 MC
TOYOTA,RAV4 RC
TOYOTA,STARLET
TOYOTA,SUPRA
TOYOTA,URBAN CRUISER
TOYOTA,VERSO
TOYOTA,VERSO 2016
TOYOTA,VERSO BUSINESS
TOYOTA,VERSO FEEL!
TOYOTA,VERSO LCA
TOYOTA,VERSO LCA (CONNECT)
TOYOTA,VERSO LCA 2017
TOYOTA,VERSO LCA BUSINESS
TOYOTA,VERSO MC
TOYOTA,VERSO MC BUSINESS
TOYOTA,VERSO PRO LCA 2017
TOYOTA,VERSO-S
TOYOTA,VERSO-S LCA
TOYOTA,VERSO-S LCA2
TOYOTA,VERSO-S MC
TOYOTA,YARIS
TOYOTA,YARIS AFFAIRES
TOYOTA,YARIS AFFAIRES LCA 2016
TOYOTA,YARIS AFFAIRES MC2
TOYOTA,YARIS AFFAIRES MC2 RC18
TOYOTA,YARIS AFFAIRES MY19
TOYOTA,YARIS AFFAIRES RC19
TOYOTA,YARIS BUSINESS
TOYOTA,YARIS BUSINESS LCA 2016
TOYOTA,YARIS HYBRIDE
TOYOTA,YARIS HYBRIDE AFFAIRES LCA 2016
TOYOTA,YARIS HYBRIDE AFFAIRES MC2
TOYOTA,YARIS HYBRIDE AFFAIRES MC2 RC18
TOYOTA,YARIS HYBRIDE AFFAIRES MY19
TOYOTA,YARIS HYBRIDE AFFAIRES RC19
TOYOTA,YARIS HYBRIDE BUSINESS
TOYOTA,YARIS HYBRIDE BUSINESS LCA 2016
TOYOTA,YARIS HYBRIDE LCA 2016
TOYOTA,YARIS HYBRIDE MC2
TOYOTA,YARIS HYBRIDE MY19
TOYOTA,YARIS HYBRIDE NOUVELLE
TOYOTA,YARIS HYBRIDE PRO NOUVELLE
TOYOTA,YARIS HYBRIDE PRO RC19
TOYOTA,YARIS HYBRIDE RC18
TOYOTA,YARIS HYBRIDE RC19
TOYOTA,YARIS II
TOYOTA,YARIS LCA
TOYOTA,YARIS LCA 2016
TOYOTA,YARIS LCA BUSINESS
TOYOTA,YARIS LCA2
TOYOTA,YARIS LCA2 BUSINESS
TOYOTA,YARIS MC2
TOYOTA,YARIS MY19
TOYOTA,YARIS PRO HYBRIDE LCA 2016
TOYOTA,YARIS PRO HYBRIDE MC2
TOYOTA,YARIS PRO HYBRIDE MY19
TOYOTA,YARIS PRO HYBRIDE RC18
TOYOTA,YARIS PRO LCA 2016
TOYOTA,YARIS PRO MC2
TOYOTA,YARIS PRO MY19
TOYOTA,YARIS PRO RC18
TOYOTA,YARIS PRO RC19
TOYOTA,YARIS RC18
TOYOTA,YARIS RC19
TOYOTA,YARIS VERSO
TVR,CERBERA
TVR,CHIMAERA ROADSTER
TVR,GRIFFITH ROADSTER
VENTURI,COUPE
VOLKSWAGEN,AMAROK DOUBLE CABINE
VOLKSWAGEN,AMAROK SIMPLE CABINE
VOLKSWAGEN,ARTEON
VOLKSWAGEN,BORA
VOLKSWAGEN,BORA BREAK
VOLKSWAGEN,CADDY
VOLKSWAGEN,CADDY FOURGON
VOLKSWAGEN,CADDY MAXI
VOLKSWAGEN,CADDY MAXI TRAMPER
VOLKSWAGEN,CADDY MAXI VAN
VOLKSWAGEN,CADDY TRAMPER
VOLKSWAGEN,CADDY VAN
VOLKSWAGEN,CADDY VAN MAXI
VOLKSWAGEN,CALIFORNIA
VOLKSWAGEN,CALIFORNIA BEACH
VOLKSWAGEN,CALIFORNIA COACH COMBI
VOLKSWAGEN,CARAVELLE
VOLKSWAGEN,CARAVELLE 6.1
VOLKSWAGEN,CARAVELLE COMBI
VOLKSWAGEN,CC
VOLKSWAGEN,CC BUSINESS
VOLKSWAGEN,COCCINELLE
VOLKSWAGEN,COCCINELLE CABRIOLET
VOLKSWAGEN,COMBI
VOLKSWAGEN,CRAFTER CHASSIS CABINE
VOLKSWAGEN,CRAFTER CHASSIS DOUBLE CABINE
VOLKSWAGEN,CRAFTER COMBI
VOLKSWAGEN,CRAFTER COMBI SURELEVE
VOLKSWAGEN,CRAFTER FOURGON
VOLKSWAGEN,CRAFTER FOURGON SURELEVE
VOLKSWAGEN,CRAFTER PROCAB
VOLKSWAGEN,CRAFTER TRI-BENNE
VOLKSWAGEN,CRAFTER VAN
VOLKSWAGEN,CROSS CADDY
VOLKSWAGEN,ECO UP
VOLKSWAGEN,E-GOLF
VOLKSWAGEN,EOS
VOLKSWAGEN,E-UP
VOLKSWAGEN,E-UP!
VOLKSWAGEN,E-UP! 2.0
VOLKSWAGEN,FOX
VOLKSWAGEN,GOLF
VOLKSWAGEN,GOLF BREAK
VOLKSWAGEN,GOLF BUSINESS
VOLKSWAGEN,GOLF CABRIOLET
VOLKSWAGEN,GOLF ENTREPRISE
VOLKSWAGEN,GOLF PLUS
VOLKSWAGEN,GOLF R32
VOLKSWAGEN,GOLF SOCIETE
VOLKSWAGEN,GOLF SPORTSVAN
VOLKSWAGEN,GOLF SPORTSVAN BUSINESS
VOLKSWAGEN,GOLF SW
VOLKSWAGEN,GOLF SW BUSINESS
VOLKSWAGEN,GOLF SW ENTREPRISE
VOLKSWAGEN,JETTA
VOLKSWAGEN,JETTA BUSINESS
VOLKSWAGEN,LT CHASSIS CABINE
VOLKSWAGEN,LT CHASSIS DOUBLE CAB
VOLKSWAGEN,LT CHASSIS DOUBLE CABINE
VOLKSWAGEN,LT COMBI
VOLKSWAGEN,LT FOURGON
VOLKSWAGEN,LT FOURGON SURELEVE
VOLKSWAGEN,LT LINER CHASSIS CABINE
VOLKSWAGEN,LT LINER CHASSIS DBLE CAB
VOLKSWAGEN,LT LINER FOURGON
VOLKSWAGEN,LT PLATEAU CABINE
VOLKSWAGEN,LT PLATEAU DOUBLE CAB
VOLKSWAGEN,LUPO
VOLKSWAGEN,MULTIVAN
VOLKSWAGEN,MULTIVAN BEACH
VOLKSWAGEN,NEW BEETLE
VOLKSWAGEN,NEW BEETLE CABRIOLET
VOLKSWAGEN,PASSAT
VOLKSWAGEN,PASSAT ALLTRACK
VOLKSWAGEN,PASSAT BREAK
VOLKSWAGEN,PASSAT BUSINESS
VOLKSWAGEN,PASSAT CC
VOLKSWAGEN,PASSAT CC BUSINESS
VOLKSWAGEN,PASSAT SW
VOLKSWAGEN,PASSAT SW BUSINESS
VOLKSWAGEN,PHAETON
VOLKSWAGEN,POLO
VOLKSWAGEN,POLO BREAK
VOLKSWAGEN,POLO BUSINESS
VOLKSWAGEN,POLO ENTREPRISE
VOLKSWAGEN,POLO FLIGHT
VOLKSWAGEN,POLO SOCIETE
VOLKSWAGEN,SCIROCCO
VOLKSWAGEN,SHARAN
VOLKSWAGEN,SHARAN BUSINESS
VOLKSWAGEN,SHARAN N1
VOLKSWAGEN,T-CROSS
VOLKSWAGEN,T-CROSS BUSINESS
VOLKSWAGEN,TIGUAN
VOLKSWAGEN,TIGUAN ALLSPACE
VOLKSWAGEN,TIGUAN ALLSPACE BUSINESS
VOLKSWAGEN,TIGUAN BUSINESS
VOLKSWAGEN,TIGUAN N1
VOLKSWAGEN,TOUAREG
VOLKSWAGEN,TOUAREG N1
VOLKSWAGEN,TOURAN
VOLKSWAGEN,TOURAN BUSINESS
VOLKSWAGEN,TOURAN BUSINESS N1
VOLKSWAGEN,TOURAN N1
VOLKSWAGEN,TRANSPORTER 6.1 FOURGON
VOLKSWAGEN,TRANSPORTER 6.1 PROCAB
VOLKSWAGEN,TRANSPORTER CHASSIS CAB
VOLKSWAGEN,TRANSPORTER CHASSIS CABINE
VOLKSWAGEN,TRANSPORTER CHASSIS DBLE CAB
VOLKSWAGEN,TRANSPORTER CHASSIS DOUBLE CABINE
VOLKSWAGEN,TRANSPORTER COMBI
VOLKSWAGEN,TRANSPORTER FGN T SUR
VOLKSWAGEN,TRANSPORTER FGN TOLE
VOLKSWAGEN,TRANSPORTER FGN V
VOLKSWAGEN,TRANSPORTER FGN V SUR
VOLKSWAGEN,TRANSPORTER FOURGON
VOLKSWAGEN,TRANSPORTER PLA DC
VOLKSWAGEN,TRANSPORTER PLATEAU CAB
VOLKSWAGEN,TRANSPORTER PROCAB
VOLKSWAGEN,TRANSPORTER SHUTTLE
VOLKSWAGEN,TRANSPORTER TETE MOTRICE
VOLKSWAGEN,T-ROC
VOLKSWAGEN,T-ROC BUSINESS
VOLKSWAGEN,UP
VOLVO,C30
VOLVO,C30 BUSINESS
VOLVO,C70
VOLVO,C70 CABRIOLET
VOLVO,C70 COUPE
VOLVO,S40
VOLVO,S60
VOLVO,S60 BUSINESS
VOLVO,S70
VOLVO,S80
VOLVO,S80 BUSINESS
VOLVO,S90
VOLVO,S90 BUSINESS
VOLVO,V40
VOLVO,V40 BUSINESS
VOLVO,V40 CROSS COUNTRY
VOLVO,V40 CROSS COUNTRY BUSINESS
VOLVO,V50
VOLVO,V60
VOLVO,V60 BUSINESS
VOLVO,V60 CROSS COUNTRY
VOLVO,V70
VOLVO,V70 BUSINESS
VOLVO,V70 CROSS COUNTRY
VOLVO,V90
VOLVO,V90 BUSINESS
VOLVO,V90 CROSS COUNTRY
VOLVO,XC40
VOLVO,XC40 BUSINESS
VOLVO,XC60
VOLVO,XC60 BUSINESS
VOLVO,XC70
VOLVO,XC70 BUSINESS
VOLVO,XC90
